Workbook

Sheet Registro_Actividades
A1: Fecha | B1: Semana | C1: Nombre Trabajador | D1: DPI | E1: Actividad | F1: Lote | G1: Unidad | H1: Cantidad | I1: Precio Unitario | J1: Total Devengado
A2: 46066 | B2: =_xlfn.SINGLE(WEEKNUM(A2,2)) -> 7 | C2: GILDABERTO SOLANO | E2: Caporal | F2: Canoa | G2: =IFERROR(VLOOKUP(E2,Control_Actividades!A:C,2,FALSE),"") -> Dia | H2: 1 | I2: =IFERROR(VLOOKUP(E2,Control_Actividades!A:C,3,FALSE),"") -> 100 | J2: =H2*I2 -> 100
A3: 46066 | B3: =WEEKNUM(A3,2) -> 7 | C3: HENRY RANDOLFO HERNANDEZ | E3: encargado beneficio | F3: beneficio | G3: =IFERROR(VLOOKUP(E3,Control_Actividades!A:C,2,FALSE),"") -> Dia | H3: 1.35 | I3: =IFERROR(VLOOKUP(E3,Control_Actividades!A:C,3,FALSE),"") -> 130 | J3: =H3*I3 -> 175.5
A4: 46066 | B4: =_xlfn.SINGLE(WEEKNUM(A4,2)) -> 7 | C4: CARMELO GUAMUCH | E4: Beneficio | F4: beneficio | G4: =IFERROR(VLOOKUP(E4,Control_Actividades!A:C,2,FALSE),"") -> Dia | H4: 1 | I4: =IFERROR(VLOOKUP(E4,Control_Actividades!A:C,3,FALSE),"") -> 100 | J4: =H4*I4 -> 100
A5: 46066 | B5: =WEEKNUM(A5,2) -> 7 | C5: LUZ DE MARIA MARTINEZ | E5: Corte de Café | F5: Canoa | G5: =IFERROR(VLOOKUP(E5,Control_Actividades!A:C,2,FALSE),"") -> Quintal | H5: 1.5 | I5: =IFERROR(VLOOKUP(E5,Control_Actividades!A:C,3,FALSE),"") -> 70 | J5: =H5*I5 -> 105
A6: 46066 | B6: =_xlfn.SINGLE(WEEKNUM(A6,2)) -> 7 | C6: JAIME ANIBAL MARROQUIN | E6: Corte de Café | F6: Canoa | G6: =IFERROR(VLOOKUP(E6,Control_Actividades!A:C,2,FALSE),"") -> Quintal | H6: 1.35 | I6: =IFERROR(VLOOKUP(E6,Control_Actividades!A:C,3,FALSE),"") -> 70 | J6: =H6*I6 -> 94.5
A7: 46066 | B7: =WEEKNUM(A7,2) -> 7 | C7: SUSANA SOLANO | E7: Corte de Café | F7: Canoa | G7: =IFERROR(VLOOKUP(E7,Control_Actividades!A:C,2,FALSE),"") -> Quintal | H7: 1.1 | I7: =IFERROR(VLOOKUP(E7,Control_Actividades!A:C,3,FALSE),"") -> 70 | J7: =H7*I7 -> 77
A8: 46066 | B8: =_xlfn.SINGLE(WEEKNUM(A8,2)) -> 7 | C8: ENMA PEREZ | E8: Corte de Café | F8: Canoa | G8: =IFERROR(VLOOKUP(E8,Control_Actividades!A:C,2,FALSE),"") -> Quintal | H8: 1.65 | I8: =IFERROR(VLOOKUP(E8,Control_Actividades!A:C,3,FALSE),"") -> 70 | J8: =H8*I8 -> 115.5
A9: 46066 | B9: =WEEKNUM(A9,2) -> 7 | C9: EDGAR ROLANDO NAVAS | E9: Caporal | F9: Canoa | G9: =IFERROR(VLOOKUP(E9,Control_Actividades!A:C,2,FALSE),"") -> Dia | H9: 1 | I9: =IFERROR(VLOOKUP(E9,Control_Actividades!A:C,3,FALSE),"") -> 100 | J9: =H9*I9 -> 100
A10: 46066 | B10: =_xlfn.SINGLE(WEEKNUM(A10,2)) -> 7 | C10: SULEIMA MARROQUIN | E10: Corte de Café | F10: Canoa | G10: =IFERROR(VLOOKUP(E10,Control_Actividades!A:C,2,FALSE),"") -> Quintal | H10: 1.15 | I10: =IFERROR(VLOOKUP(E10,Control_Actividades!A:C,3,FALSE),"") -> 70 | J10: =H10*I10 -> 80.5
A11: 46066 | B11: =WEEKNUM(A11,2) -> 7 | C11: FERNANDO GUAMUCH | E11: Corte de Café | F11: Canoa | G11: =IFERROR(VLOOKUP(E11,Control_Actividades!A:C,2,FALSE),"") -> Quintal | H11: 1.1 | I11: =IFERROR(VLOOKUP(E11,Control_Actividades!A:C,3,FALSE),"") -> 70 | J11: =H11*I11 -> 77
A12: 46066 | B12: =_xlfn.SINGLE(WEEKNUM(A12,2)) -> 7 | C12: GERMAN SOLANO | E12: Poda | F12: Cruz 2 | G12: =IFERROR(VLOOKUP(E12,Control_Actividades!A:C,2,FALSE),"") -> Manzana | H12: 2 | I12: =IFERROR(VLOOKUP(E12,Control_Actividades!A:C,3,FALSE),"") -> 110 | J12: =H12*I12 -> 220
A13: 46066 | B13: =WEEKNUM(A13,2) -> 7 | C13: CARLOS GARCIA | E13: Corte de Café | F13: Canoa | G13: =IFERROR(VLOOKUP(E13,Control_Actividades!A:C,2,FALSE),"") -> Quintal | H13: 1.35 | I13: =IFERROR(VLOOKUP(E13,Control_Actividades!A:C,3,FALSE),"") -> 70 | J13: =H13*I13 -> 94.5
A14: 46066 | B14: =_xlfn.SINGLE(WEEKNUM(A14,2)) -> 7 | C14: JULIA MARROQUIN | E14: Corte de Café | F14: Canoa | G14: =IFERROR(VLOOKUP(E14,Control_Actividades!A:C,2,FALSE),"") -> Quintal | H14: 1.35 | I14: =IFERROR(VLOOKUP(E14,Control_Actividades!A:C,3,FALSE),"") -> 70 | J14: =H14*I14 -> 94.5
A15: 46066 | B15: =WEEKNUM(A15,2) -> 7 | C15: BALDOMERO SOLANO | E15: Corte de Café | F15: Canoa | G15: =IFERROR(VLOOKUP(E15,Control_Actividades!A:C,2,FALSE),"") -> Quintal | H15: 1.1 | I15: =IFERROR(VLOOKUP(E15,Control_Actividades!A:C,3,FALSE),"") -> 70 | J15: =H15*I15 -> 77
A16: 46066 | B16: =_xlfn.SINGLE(WEEKNUM(A16,2)) -> 7 | C16: ADISTER ARCENIO | G16: =IFERROR(VLOOKUP(E16,Control_Actividades!A:C,2,FALSE),"") | I16: =IFERROR(VLOOKUP(E16,Control_Actividades!A:C,3,FALSE),"") | J16: =H16*I16 -> #VALUE!
A17: 46066 | B17: =WEEKNUM(A17,2) -> 7 | C17: OLIVER AGUILAR | E17: Corte de Café | F17: Canoa | G17: =IFERROR(VLOOKUP(E17,Control_Actividades!A:C,2,FALSE),"") -> Quintal | H17: 1.1 | I17: =IFERROR(VLOOKUP(E17,Control_Actividades!A:C,3,FALSE),"") -> 70 | J17: =H17*I17 -> 77
A18: 46066 | B18: =_xlfn.SINGLE(WEEKNUM(A18,2)) -> 7 | C18: ELMER MANUEL HERNANDEZ | E18: Beneficio | F18: beneficio | G18: =IFERROR(VLOOKUP(E18,Control_Actividades!A:C,2,FALSE),"") -> Dia | H18: 1 | I18: =IFERROR(VLOOKUP(E18,Control_Actividades!A:C,3,FALSE),"") -> 100 | J18: =H18*I18 -> 100
A19: 46066 | B19: =WEEKNUM(A19,2) -> 7 | C19: IRIS PEREZ | E19: Corte de Café | F19: Canoa | G19: =IFERROR(VLOOKUP(E19,Control_Actividades!A:C,2,FALSE),"") -> Quintal | H19: 1.75 | I19: =IFERROR(VLOOKUP(E19,Control_Actividades!A:C,3,FALSE),"") -> 70 | J19: =H19*I19 -> 122.5
A20: 46066 | B20: =_xlfn.SINGLE(WEEKNUM(A20,2)) -> 7 | C20: JONATHAN AGUILAR | E20: Beneficio | F20: beneficio | G20: =IFERROR(VLOOKUP(E20,Control_Actividades!A:C,2,FALSE),"") -> Dia | H20: 1 | I20: =IFERROR(VLOOKUP(E20,Control_Actividades!A:C,3,FALSE),"") -> 100 | J20: =H20*I20 -> 100
A21: 46066 | B21: =WEEKNUM(A21,2) -> 7 | C21: AXEL ALVAREZ | E21: Beneficio | F21: beneficio | G21: =IFERROR(VLOOKUP(E21,Control_Actividades!A:C,2,FALSE),"") -> Dia | H21: 1 | I21: =IFERROR(VLOOKUP(E21,Control_Actividades!A:C,3,FALSE),"") -> 100 | J21: =H21*I21 -> 100
A22: 46066 | B22: =_xlfn.SINGLE(WEEKNUM(A22,2)) -> 7 | C22: MARLENI SALAZAR | E22: Corte de Café | F22: Canoa | G22: =IFERROR(VLOOKUP(E22,Control_Actividades!A:C,2,FALSE),"") -> Quintal | H22: 1 | I22: =IFERROR(VLOOKUP(E22,Control_Actividades!A:C,3,FALSE),"") -> 70 | J22: =H22*I22 -> 70
A23: 46066 | B23: =WEEKNUM(A23,2) -> 7 | C23: JORGE ODILIO SOLANO | E23: Corte de Café | F23: Canoa | G23: =IFERROR(VLOOKUP(E23,Control_Actividades!A:C,2,FALSE),"") -> Quintal | H23: 1.2 | I23: =IFERROR(VLOOKUP(E23,Control_Actividades!A:C,3,FALSE),"") -> 70 | J23: =H23*I23 -> 84
A24: 46066 | B24: =_xlfn.SINGLE(WEEKNUM(A24,2)) -> 7 | C24: DANILO SOLANO | E24: Corte de Café | F24: Canoa | G24: =IFERROR(VLOOKUP(E24,Control_Actividades!A:C,2,FALSE),"") -> Quintal | H24: 0.85 | I24: =IFERROR(VLOOKUP(E24,Control_Actividades!A:C,3,FALSE),"") -> 70 | J24: =H24*I24 -> 59.5
A25: 46067 | B25: =WEEKNUM(A25,2) -> 7 | C25: GILDABERTO SOLANO | E25: Caporal | F25: Canoa | G25: =IFERROR(VLOOKUP(E25,Control_Actividades!A:C,2,FALSE),"") -> Dia | H25: 1 | I25: =IFERROR(VLOOKUP(E25,Control_Actividades!A:C,3,FALSE),"") -> 100 | J25: =H25*I25 -> 100
A26: 46067 | B26: =_xlfn.SINGLE(WEEKNUM(A26,2)) -> 7 | C26: HENRY RANDOLFO HERNANDEZ | E26: Encargado beneficio | F26: beneficio | G26: =IFERROR(VLOOKUP(E26,Control_Actividades!A:C,2,FALSE),"") -> Dia | H26: 1 | I26: =IFERROR(VLOOKUP(E26,Control_Actividades!A:C,3,FALSE),"") -> 130 | J26: =H26*I26 -> 130
A27: 46067 | B27: =WEEKNUM(A27,2) -> 7 | C27: CARMELO GUAMUCH | G27: =IFERROR(VLOOKUP(E27,Control_Actividades!A:C,2,FALSE),"") | I27: =IFERROR(VLOOKUP(E27,Control_Actividades!A:C,3,FALSE),"") | J27: =H27*I27 -> #VALUE!
A28: 46067 | B28: =_xlfn.SINGLE(WEEKNUM(A28,2)) -> 7 | C28: LUZ DE MARIA MARTINEZ | G28: =IFERROR(VLOOKUP(E28,Control_Actividades!A:C,2,FALSE),"") | I28: =IFERROR(VLOOKUP(E28,Control_Actividades!A:C,3,FALSE),"") | J28: =H28*I28 -> #VALUE!
A29: 46067 | B29: =WEEKNUM(A29,2) -> 7 | C29: JAIME ANIBAL MARROQUIN | E29: Corte de Café | F29: Canoa | G29: =IFERROR(VLOOKUP(E29,Control_Actividades!A:C,2,FALSE),"") -> Quintal | H29: 0.65 | I29: =IFERROR(VLOOKUP(E29,Control_Actividades!A:C,3,FALSE),"") -> 70 | J29: =H29*I29 -> 45.5
A30: 46067 | B30: =_xlfn.SINGLE(WEEKNUM(A30,2)) -> 7 | C30: SUSANA SOLANO | G30: =IFERROR(VLOOKUP(E30,Control_Actividades!A:C,2,FALSE),"") | I30: =IFERROR(VLOOKUP(E30,Control_Actividades!A:C,3,FALSE),"") | J30: =H30*I30 -> #VALUE!
A31: 46067 | B31: =WEEKNUM(A31,2) -> 7 | C31: ENMA PEREZ | G31: =IFERROR(VLOOKUP(E31,Control_Actividades!A:C,2,FALSE),"") | I31: =IFERROR(VLOOKUP(E31,Control_Actividades!A:C,3,FALSE),"") | J31: =H31*I31 -> #VALUE!
A32: 46067 | B32: =_xlfn.SINGLE(WEEKNUM(A32,2)) -> 7 | C32: EDGAR ROLANDO NAVAS | E32: Beneficio | F32: beneficio | G32: =IFERROR(VLOOKUP(E32,Control_Actividades!A:C,2,FALSE),"") -> Dia | H32: 1 | I32: =IFERROR(VLOOKUP(E32,Control_Actividades!A:C,3,FALSE),"") -> 100 | J32: =H32*I32 -> 100
A33: 46067 | B33: =WEEKNUM(A33,2) -> 7 | C33: SULEIMA MARROQUIN | E33: Corte de Café | F33: Canoa | G33: =IFERROR(VLOOKUP(E33,Control_Actividades!A:C,2,FALSE),"") -> Quintal | H33: 0.55 | I33: =IFERROR(VLOOKUP(E33,Control_Actividades!A:C,3,FALSE),"") -> 70 | J33: =H33*I33 -> 38.5
A34: 46067 | B34: =_xlfn.SINGLE(WEEKNUM(A34,2)) -> 7 | C34: FERNANDO GUAMUCH | G34: =IFERROR(VLOOKUP(E34,Control_Actividades!A:C,2,FALSE),"") | I34: =IFERROR(VLOOKUP(E34,Control_Actividades!A:C,3,FALSE),"") | J34: =H34*I34 -> #VALUE!
A35: 46067 | B35: =WEEKNUM(A35,2) -> 7 | C35: GERMAN SOLANO | E35: Poda | F35: Cruz 2 | G35: =IFERROR(VLOOKUP(E35,Control_Actividades!A:C,2,FALSE),"") -> Manzana | H35: 2 | I35: =IFERROR(VLOOKUP(E35,Control_Actividades!A:C,3,FALSE),"") -> 110 | J35: =H35*I35 -> 220
A36: 46067 | B36: =_xlfn.SINGLE(WEEKNUM(A36,2)) -> 7 | C36: CARLOS GARCIA | E36: Corte de Café | F36: Canoa | G36: =IFERROR(VLOOKUP(E36,Control_Actividades!A:C,2,FALSE),"") -> Quintal | H36: 0.55 | I36: =IFERROR(VLOOKUP(E36,Control_Actividades!A:C,3,FALSE),"") -> 70 | J36: =H36*I36 -> 38.5
A37: 46067 | B37: =WEEKNUM(A37,2) -> 7 | C37: JULIA MARROQUIN | E37: Corte de Café | F37: Canoa | G37: =IFERROR(VLOOKUP(E37,Control_Actividades!A:C,2,FALSE),"") -> Quintal | H37: 0.95 | I37: =IFERROR(VLOOKUP(E37,Control_Actividades!A:C,3,FALSE),"") -> 70 | J37: =H37*I37 -> 66.5
A38: 46067 | B38: =_xlfn.SINGLE(WEEKNUM(A38,2)) -> 7 | C38: BALDOMERO SOLANO | E38: Corte de Café | F38: Canoa | G38: =IFERROR(VLOOKUP(E38,Control_Actividades!A:C,2,FALSE),"") -> Quintal | H38: 0.85 | I38: =IFERROR(VLOOKUP(E38,Control_Actividades!A:C,3,FALSE),"") -> 70 | J38: =H38*I38 -> 59.5
A39: 46067 | B39: =WEEKNUM(A39,2) -> 7 | C39: ADISTER ARCENIO | E39: Poda | F39: Cruz 2 | G39: =IFERROR(VLOOKUP(E39,Control_Actividades!A:C,2,FALSE),"") -> Manzana | H39: 1.33 | I39: =IFERROR(VLOOKUP(E39,Control_Actividades!A:C,3,FALSE),"") -> 110 | J39: =H39*I39 -> 146.3
A40: 46067 | B40: =_xlfn.SINGLE(WEEKNUM(A40,2)) -> 7 | C40: OLIVER AGUILAR | G40: =IFERROR(VLOOKUP(E40,Control_Actividades!A:C,2,FALSE),"") | I40: =IFERROR(VLOOKUP(E40,Control_Actividades!A:C,3,FALSE),"") | J40: =H40*I40 -> #VALUE!
A41: 46067 | B41: =WEEKNUM(A41,2) -> 7 | C41: ELMER MANUEL HERNANDEZ | E41: Beneficio | F41: beneficio | G41: =IFERROR(VLOOKUP(E41,Control_Actividades!A:C,2,FALSE),"") -> Dia | H41: 1 | I41: =IFERROR(VLOOKUP(E41,Control_Actividades!A:C,3,FALSE),"") -> 100 | J41: =H41*I41 -> 100
A42: 46067 | B42: =_xlfn.SINGLE(WEEKNUM(A42,2)) -> 7 | C42: IRIS PEREZ | G42: =IFERROR(VLOOKUP(E42,Control_Actividades!A:C,2,FALSE),"") | I42: =IFERROR(VLOOKUP(E42,Control_Actividades!A:C,3,FALSE),"") | J42: =H42*I42 -> #VALUE!
A43: 46067 | B43: =WEEKNUM(A43,2) -> 7 | C43: JONATHAN AGUILAR | E43: Beneficio | F43: beneficio | G43: =IFERROR(VLOOKUP(E43,Control_Actividades!A:C,2,FALSE),"") -> Dia | H43: 1 | I43: =IFERROR(VLOOKUP(E43,Control_Actividades!A:C,3,FALSE),"") -> 100 | J43: =H43*I43 -> 100
A44: 46067 | B44: =_xlfn.SINGLE(WEEKNUM(A44,2)) -> 7 | C44: AXEL ALVAREZ | E44: Beneficio | F44: beneficio | G44: =IFERROR(VLOOKUP(E44,Control_Actividades!A:C,2,FALSE),"") -> Dia | H44: 1 | I44: =IFERROR(VLOOKUP(E44,Control_Actividades!A:C,3,FALSE),"") -> 100 | J44: =H44*I44 -> 100
A45: 46067 | B45: =WEEKNUM(A45,2) -> 7 | C45: MARLENI SALAZAR | E45: Corte de Café | F45: Canoa | G45: =IFERROR(VLOOKUP(E45,Control_Actividades!A:C,2,FALSE),"") -> Quintal | H45: 0.9 | I45: =IFERROR(VLOOKUP(E45,Control_Actividades!A:C,3,FALSE),"") -> 70 | J45: =H45*I45 -> 63
A46: 46067 | B46: =_xlfn.SINGLE(WEEKNUM(A46,2)) -> 7 | C46: JORGE ODILIO SOLANO | E46: Corte de Café | F46: Canoa | G46: =IFERROR(VLOOKUP(E46,Control_Actividades!A:C,2,FALSE),"") -> Quintal | H46: 1.2 | I46: =IFERROR(VLOOKUP(E46,Control_Actividades!A:C,3,FALSE),"") -> 70 | J46: =H46*I46 -> 84
A47: 46067 | B47: =WEEKNUM(A47,2) -> 7 | C47: DANILO SOLANO | E47: Corte de Café | F47: Canoa | G47: =IFERROR(VLOOKUP(E47,Control_Actividades!A:C,2,FALSE),"") -> Quintal | H47: 0.7 | I47: =IFERROR(VLOOKUP(E47,Control_Actividades!A:C,3,FALSE),"") -> 70 | J47: =H47*I47 -> 49
A48: 46068 | B48: =_xlfn.SINGLE(WEEKNUM(A48,2)) -> 7 | C48: HENRY RANDOLFO HERNANDEZ | E48: Encargado Beneficio | F48: beneficio | G48: =IFERROR(VLOOKUP(E48,Control_Actividades!A:C,2,FALSE),"") -> Dia | H48: 1 | I48: =IFERROR(VLOOKUP(E48,Control_Actividades!A:C,3,FALSE),"") -> 130 | J48: =H48*I48 -> 130
A49: 46068 | B49: =WEEKNUM(A49,2) -> 7 | C49: ELMER MANUEL HERNANDEZ | E49: Beneficio | F49: beneficio | G49: =IFERROR(VLOOKUP(E49,Control_Actividades!A:C,2,FALSE),"") -> Dia | H49: 1 | I49: =IFERROR(VLOOKUP(E49,Control_Actividades!A:C,3,FALSE),"") -> 100 | J49: =H49*I49 -> 100
A50: 46068 | B50: =_xlfn.SINGLE(WEEKNUM(A50,2)) -> 7 | C50: JONATHAN AGUILAR | E50: Beneficio | F50: beneficio | G50: =IFERROR(VLOOKUP(E50,Control_Actividades!A:C,2,FALSE),"") -> Dia | H50: 1 | I50: =IFERROR(VLOOKUP(E50,Control_Actividades!A:C,3,FALSE),"") -> 100 | J50: =H50*I50 -> 100
A51: 46068 | B51: =WEEKNUM(A51,2) -> 7 | C51: AXEL ALVAREZ | E51: Beneficio | F51: beneficio | G51: =IFERROR(VLOOKUP(E51,Control_Actividades!A:C,2,FALSE),"") -> Dia | H51: 1 | I51: =IFERROR(VLOOKUP(E51,Control_Actividades!A:C,3,FALSE),"") -> 100 | J51: =H51*I51 -> 100
A52: 46069 | B52: =_xlfn.SINGLE(WEEKNUM(A52,2)) -> 8 | C52: GILDABERTO SOLANO | E52: Caporal | F52: Canoa | G52: =IFERROR(VLOOKUP(E52,Control_Actividades!A:C,2,FALSE),"") -> Dia | H52: 1 | I52: =IFERROR(VLOOKUP(E52,Control_Actividades!A:C,3,FALSE),"") -> 100 | J52: =H52*I52 -> 100
A53: 46069 | B53: =WEEKNUM(A53,2) -> 8 | C53: HENRY RANDOLFO HERNANDEZ | E53: Encargado Beneficio | F53: beneficio | G53: =IFERROR(VLOOKUP(E53,Control_Actividades!A:C,2,FALSE),"") -> Dia | H53: 1 | I53: =IFERROR(VLOOKUP(E53,Control_Actividades!A:C,3,FALSE),"") -> 130 | J53: =H53*I53 -> 130
A54: 46069 | B54: =_xlfn.SINGLE(WEEKNUM(A54,2)) -> 8 | C54: CARMELO GUAMUCH | E54: Corte de Café | F54: Canoa | G54: =IFERROR(VLOOKUP(E54,Control_Actividades!A:C,2,FALSE),"") -> Quintal | H54: 1.6 | I54: =IFERROR(VLOOKUP(E54,Control_Actividades!A:C,3,FALSE),"") -> 70 | J54: =H54*I54 -> 112
A55: 46069 | B55: =WEEKNUM(A55,2) -> 8 | C55: LUZ DE MARIA MARTINEZ | E55: Corte de Café | F55: Canoa | G55: =IFERROR(VLOOKUP(E55,Control_Actividades!A:C,2,FALSE),"") -> Quintal | H55: 1.6 | I55: =IFERROR(VLOOKUP(E55,Control_Actividades!A:C,3,FALSE),"") -> 70 | J55: =H55*I55 -> 112
A56: 46069 | B56: =_xlfn.SINGLE(WEEKNUM(A56,2)) -> 8 | C56: JAIME ANIBAL MARROQUIN | E56: Corte de Café | F56: Canoa | G56: =IFERROR(VLOOKUP(E56,Control_Actividades!A:C,2,FALSE),"") -> Quintal | H56: 1.5 | I56: =IFERROR(VLOOKUP(E56,Control_Actividades!A:C,3,FALSE),"") -> 70 | J56: =H56*I56 -> 105
A57: 46069 | B57: =WEEKNUM(A57,2) -> 8 | C57: SUSANA SOLANO | E57: Corte de Café | F57: Canoa | G57: =IFERROR(VLOOKUP(E57,Control_Actividades!A:C,2,FALSE),"") -> Quintal | H57: 1.05 | I57: =IFERROR(VLOOKUP(E57,Control_Actividades!A:C,3,FALSE),"") -> 70 | J57: =H57*I57 -> 73.5
A58: 46069 | B58: =_xlfn.SINGLE(WEEKNUM(A58,2)) -> 8 | C58: ENMA PEREZ | E58: Corte de Café | F58: Canoa | G58: =IFERROR(VLOOKUP(E58,Control_Actividades!A:C,2,FALSE),"") -> Quintal | H58: 1.85 | I58: =IFERROR(VLOOKUP(E58,Control_Actividades!A:C,3,FALSE),"") -> 70 | J58: =H58*I58 -> 129.5
A59: 46069 | B59: =WEEKNUM(A59,2) -> 8 | C59: EDGAR ROLANDO NAVAS | E59: Beneficio | F59: beneficio | G59: =IFERROR(VLOOKUP(E59,Control_Actividades!A:C,2,FALSE),"") -> Dia | H59: 1 | I59: =IFERROR(VLOOKUP(E59,Control_Actividades!A:C,3,FALSE),"") -> 100 | J59: =H59*I59 -> 100
A60: 46069 | B60: =_xlfn.SINGLE(WEEKNUM(A60,2)) -> 8 | C60: SULEIMA MARROQUIN | E60: Corte de Café | F60: Canoa | G60: =IFERROR(VLOOKUP(E60,Control_Actividades!A:C,2,FALSE),"") -> Quintal | H60: 1.4 | I60: =IFERROR(VLOOKUP(E60,Control_Actividades!A:C,3,FALSE),"") -> 70 | J60: =H60*I60 -> 98
A61: 46069 | B61: =WEEKNUM(A61,2) -> 8 | C61: FERNANDO GUAMUCH | E61: Corte de Café | F61: Canoa | G61: =IFERROR(VLOOKUP(E61,Control_Actividades!A:C,2,FALSE),"") -> Quintal | H61: 1.3 | I61: =IFERROR(VLOOKUP(E61,Control_Actividades!A:C,3,FALSE),"") -> 70 | J61: =H61*I61 -> 91
A62: 46069 | B62: =_xlfn.SINGLE(WEEKNUM(A62,2)) -> 8 | C62: GERMAN SOLANO | E62: Corte de Café | F62: Canoa | G62: =IFERROR(VLOOKUP(E62,Control_Actividades!A:C,2,FALSE),"") -> Quintal | H62: 1.75 | I62: =IFERROR(VLOOKUP(E62,Control_Actividades!A:C,3,FALSE),"") -> 70 | J62: =H62*I62 -> 122.5
A63: 46069 | B63: =WEEKNUM(A63,2) -> 8 | C63: CARLOS GARCIA | E63: Corte de Café | F63: Canoa | G63: =IFERROR(VLOOKUP(E63,Control_Actividades!A:C,2,FALSE),"") -> Quintal | H63: 1.45 | I63: =IFERROR(VLOOKUP(E63,Control_Actividades!A:C,3,FALSE),"") -> 70 | J63: =H63*I63 -> 101.5
A64: 46069 | B64: =_xlfn.SINGLE(WEEKNUM(A64,2)) -> 8 | C64: JULIA MARROQUIN | E64: Corte de Café | F64: Canoa | G64: =IFERROR(VLOOKUP(E64,Control_Actividades!A:C,2,FALSE),"") -> Quintal | H64: 1.45 | I64: =IFERROR(VLOOKUP(E64,Control_Actividades!A:C,3,FALSE),"") -> 70 | J64: =H64*I64 -> 101.5
A65: 46069 | B65: =WEEKNUM(A65,2) -> 8 | C65: BALDOMERO SOLANO | E65: Corte de Café | F65: Canoa | G65: =IFERROR(VLOOKUP(E65,Control_Actividades!A:C,2,FALSE),"") -> Quintal | H65: 1.05 | I65: =IFERROR(VLOOKUP(E65,Control_Actividades!A:C,3,FALSE),"") -> 70 | J65: =H65*I65 -> 73.5
A66: 46069 | B66: =_xlfn.SINGLE(WEEKNUM(A66,2)) -> 8 | C66: ADISTER ARCENIO | E66: Poda | F66: Cruz 2 | G66: =IFERROR(VLOOKUP(E66,Control_Actividades!A:C,2,FALSE),"") -> Manzana | H66: 1.33 | I66: =IFERROR(VLOOKUP(E66,Control_Actividades!A:C,3,FALSE),"") -> 110 | J66: =H66*I66 -> 146.3
A67: 46069 | B67: =WEEKNUM(A67,2) -> 8 | C67: OLIVER AGUILAR | E67: Corte de Café | F67: Canoa | G67: =IFERROR(VLOOKUP(E67,Control_Actividades!A:C,2,FALSE),"") -> Quintal | H67: 1.2 | I67: =IFERROR(VLOOKUP(E67,Control_Actividades!A:C,3,FALSE),"") -> 70 | J67: =H67*I67 -> 84
A68: 46069 | B68: =_xlfn.SINGLE(WEEKNUM(A68,2)) -> 8 | C68: ELMER MANUEL HERNANDEZ | E68: Beneficio | F68: beneficio | G68: =IFERROR(VLOOKUP(E68,Control_Actividades!A:C,2,FALSE),"") -> Dia | H68: 1 | I68: =IFERROR(VLOOKUP(E68,Control_Actividades!A:C,3,FALSE),"") -> 100 | J68: =H68*I68 -> 100
A69: 46069 | B69: =WEEKNUM(A69,2) -> 8 | C69: IRIS PEREZ | E69: Corte de Café | F69: Canoa | G69: =IFERROR(VLOOKUP(E69,Control_Actividades!A:C,2,FALSE),"") -> Quintal | H69: 1.7 | I69: =IFERROR(VLOOKUP(E69,Control_Actividades!A:C,3,FALSE),"") -> 70 | J69: =H69*I69 -> 119
A70: 46069 | B70: =_xlfn.SINGLE(WEEKNUM(A70,2)) -> 8 | C70: JONATHAN AGUILAR | E70: Beneficio | F70: beneficio | G70: =IFERROR(VLOOKUP(E70,Control_Actividades!A:C,2,FALSE),"") -> Dia | H70: 1 | I70: =IFERROR(VLOOKUP(E70,Control_Actividades!A:C,3,FALSE),"") -> 100 | J70: =H70*I70 -> 100
A71: 46069 | B71: =WEEKNUM(A71,2) -> 8 | C71: AXEL ALVAREZ | E71: Beneficio | F71: beneficio | G71: =IFERROR(VLOOKUP(E71,Control_Actividades!A:C,2,FALSE),"") -> Dia | H71: 1 | I71: =IFERROR(VLOOKUP(E71,Control_Actividades!A:C,3,FALSE),"") -> 100 | J71: =H71*I71 -> 100
A72: 46069 | B72: =_xlfn.SINGLE(WEEKNUM(A72,2)) -> 8 | C72: MARLENI SALAZAR | E72: Corte de Café | F72: Canoa | G72: =IFERROR(VLOOKUP(E72,Control_Actividades!A:C,2,FALSE),"") -> Quintal | H72: 1.15 | I72: =IFERROR(VLOOKUP(E72,Control_Actividades!A:C,3,FALSE),"") -> 70 | J72: =H72*I72 -> 80.5
A73: 46069 | B73: =WEEKNUM(A73,2) -> 8 | C73: JORGE ODILIO SOLANO | G73: =IFERROR(VLOOKUP(E73,Control_Actividades!A:C,2,FALSE),"") | I73: =IFERROR(VLOOKUP(E73,Control_Actividades!A:C,3,FALSE),"") | J73: =H73*I73 -> #VALUE!
A74: 46069 | B74: =_xlfn.SINGLE(WEEKNUM(A74,2)) -> 8 | C74: DANILO SOLANO | E74: Corte de Café | F74: Canoa | G74: =IFERROR(VLOOKUP(E74,Control_Actividades!A:C,2,FALSE),"") -> Quintal | H74: 1.05 | I74: =IFERROR(VLOOKUP(E74,Control_Actividades!A:C,3,FALSE),"") -> 70 | J74: =H74*I74 -> 73.5
A75: 46070 | B75: =WEEKNUM(A75,2) -> 8 | C75: GILDABERTO SOLANO | E75: Caporal | F75: Canoa | G75: =IFERROR(VLOOKUP(E75,Control_Actividades!A:C,2,FALSE),"") -> Dia | H75: 1 | I75: =IFERROR(VLOOKUP(E75,Control_Actividades!A:C,3,FALSE),"") -> 100 | J75: =H75*I75 -> 100
A76: 46070 | B76: =_xlfn.SINGLE(WEEKNUM(A76,2)) -> 8 | C76: HENRY RANDOLFO HERNANDEZ | E76: Encargado Beneficio | F76: beneficio | G76: =IFERROR(VLOOKUP(E76,Control_Actividades!A:C,2,FALSE),"") -> Dia | H76: 1 | I76: =IFERROR(VLOOKUP(E76,Control_Actividades!A:C,3,FALSE),"") -> 130 | J76: =H76*I76 -> 130
A77: 46070 | B77: =WEEKNUM(A77,2) -> 8 | C77: CARMELO GUAMUCH | E77: Corte de Café | F77: Canoa | G77: =IFERROR(VLOOKUP(E77,Control_Actividades!A:C,2,FALSE),"") -> Quintal | H77: 1.15 | I77: =IFERROR(VLOOKUP(E77,Control_Actividades!A:C,3,FALSE),"") -> 70 | J77: =H77*I77 -> 80.5
A78: 46070 | B78: =_xlfn.SINGLE(WEEKNUM(A78,2)) -> 8 | C78: LUZ DE MARIA MARTINEZ | E78: Corte de Café | F78: Canoa | G78: =IFERROR(VLOOKUP(E78,Control_Actividades!A:C,2,FALSE),"") -> Quintal | H78: 1.2 | I78: =IFERROR(VLOOKUP(E78,Control_Actividades!A:C,3,FALSE),"") -> 70 | J78: =H78*I78 -> 84
A79: 46070 | B79: =WEEKNUM(A79,2) -> 8 | C79: JAIME ANIBAL MARROQUIN | E79: Corte de Café | F79: Canoa | G79: =IFERROR(VLOOKUP(E79,Control_Actividades!A:C,2,FALSE),"") -> Quintal | H79: 1.3 | I79: =IFERROR(VLOOKUP(E79,Control_Actividades!A:C,3,FALSE),"") -> 70 | J79: =H79*I79 -> 91
A80: 46070 | B80: =_xlfn.SINGLE(WEEKNUM(A80,2)) -> 8 | C80: SUSANA SOLANO | E80: Corte de Café | F80: Canoa | G80: =IFERROR(VLOOKUP(E80,Control_Actividades!A:C,2,FALSE),"") -> Quintal | H80: 1.35 | I80: =IFERROR(VLOOKUP(E80,Control_Actividades!A:C,3,FALSE),"") -> 70 | J80: =H80*I80 -> 94.5
A81: 46070 | B81: =WEEKNUM(A81,2) -> 8 | C81: ENMA PEREZ | E81: Corte de Café | F81: Canoa | G81: =IFERROR(VLOOKUP(E81,Control_Actividades!A:C,2,FALSE),"") -> Quintal | H81: 2 | I81: =IFERROR(VLOOKUP(E81,Control_Actividades!A:C,3,FALSE),"") -> 70 | J81: =H81*I81 -> 140
A82: 46070 | B82: =_xlfn.SINGLE(WEEKNUM(A82,2)) -> 8 | C82: EDGAR ROLANDO NAVAS | E82: Beneficio | F82: beneficio | G82: =IFERROR(VLOOKUP(E82,Control_Actividades!A:C,2,FALSE),"") -> Dia | H82: 1 | I82: =IFERROR(VLOOKUP(E82,Control_Actividades!A:C,3,FALSE),"") -> 100 | J82: =H82*I82 -> 100
A83: 46070 | B83: =WEEKNUM(A83,2) -> 8 | C83: SULEIMA MARROQUIN | E83: Corte de Café | F83: Canoa | G83: =IFERROR(VLOOKUP(E83,Control_Actividades!A:C,2,FALSE),"") -> Quintal | H83: 1.25 | I83: =IFERROR(VLOOKUP(E83,Control_Actividades!A:C,3,FALSE),"") -> 70 | J83: =H83*I83 -> 87.5
A84: 46070 | B84: =_xlfn.SINGLE(WEEKNUM(A84,2)) -> 8 | C84: FERNANDO GUAMUCH | E84: Muestreo de suelos | F84: General | G84: =IFERROR(VLOOKUP(E84,Control_Actividades!A:C,2,FALSE),"") -> Dia | H84: 1 | I84: =IFERROR(VLOOKUP(E84,Control_Actividades!A:C,3,FALSE),"") -> 75 | J84: =H84*I84 -> 75
A85: 46070 | B85: =WEEKNUM(A85,2) -> 8 | C85: GERMAN SOLANO | E85: Muestreo de suelos | F85: General | G85: =IFERROR(VLOOKUP(E85,Control_Actividades!A:C,2,FALSE),"") -> Dia | H85: 1 | I85: =IFERROR(VLOOKUP(E85,Control_Actividades!A:C,3,FALSE),"") -> 75 | J85: =H85*I85 -> 75
A86: 46070 | B86: =_xlfn.SINGLE(WEEKNUM(A86,2)) -> 8 | C86: CARLOS GARCIA | E86: Corte de Café | F86: Canoa | G86: =IFERROR(VLOOKUP(E86,Control_Actividades!A:C,2,FALSE),"") -> Quintal | H86: 1.35 | I86: =IFERROR(VLOOKUP(E86,Control_Actividades!A:C,3,FALSE),"") -> 70 | J86: =H86*I86 -> 94.5
A87: 46070 | B87: =WEEKNUM(A87,2) -> 8 | C87: JULIA MARROQUIN | E87: Corte de Café | F87: Canoa | G87: =IFERROR(VLOOKUP(E87,Control_Actividades!A:C,2,FALSE),"") -> Quintal | H87: 1.35 | I87: =IFERROR(VLOOKUP(E87,Control_Actividades!A:C,3,FALSE),"") -> 70 | J87: =H87*I87 -> 94.5
A88: 46070 | B88: =_xlfn.SINGLE(WEEKNUM(A88,2)) -> 8 | C88: BALDOMERO SOLANO | E88: Muestreo de suelos | F88: General | G88: =IFERROR(VLOOKUP(E88,Control_Actividades!A:C,2,FALSE),"") -> Dia | H88: 1 | I88: =IFERROR(VLOOKUP(E88,Control_Actividades!A:C,3,FALSE),"") -> 75 | J88: =H88*I88 -> 75
A89: 46070 | B89: =WEEKNUM(A89,2) -> 8 | C89: ADISTER ARCENIO | G89: =IFERROR(VLOOKUP(E89,Control_Actividades!A:C,2,FALSE),"") | I89: =IFERROR(VLOOKUP(E89,Control_Actividades!A:C,3,FALSE),"") | J89: =H89*I89 -> #VALUE!
A90: 46070 | B90: =_xlfn.SINGLE(WEEKNUM(A90,2)) -> 8 | C90: OLIVER AGUILAR | G90: =IFERROR(VLOOKUP(E90,Control_Actividades!A:C,2,FALSE),"") | I90: =IFERROR(VLOOKUP(E90,Control_Actividades!A:C,3,FALSE),"") | J90: =H90*I90 -> #VALUE!
A91: 46070 | B91: =WEEKNUM(A91,2) -> 8 | C91: ELMER MANUEL HERNANDEZ | E91: Beneficio | F91: beneficio | G91: =IFERROR(VLOOKUP(E91,Control_Actividades!A:C,2,FALSE),"") -> Dia | H91: 1 | I91: =IFERROR(VLOOKUP(E91,Control_Actividades!A:C,3,FALSE),"") -> 100 | J91: =H91*I91 -> 100
A92: 46070 | B92: =_xlfn.SINGLE(WEEKNUM(A92,2)) -> 8 | C92: IRIS PEREZ | E92: Corte de Café | F92: Canoa | G92: =IFERROR(VLOOKUP(E92,Control_Actividades!A:C,2,FALSE),"") -> Quintal | H92: 2.25 | I92: =IFERROR(VLOOKUP(E92,Control_Actividades!A:C,3,FALSE),"") -> 70 | J92: 163.75
A93: 46070 | B93: =WEEKNUM(A93,2) -> 8 | C93: JONATHAN AGUILAR | E93: Beneficio | F93: beneficio | G93: =IFERROR(VLOOKUP(E93,Control_Actividades!A:C,2,FALSE),"") -> Dia | H93: 1 | I93: =IFERROR(VLOOKUP(E93,Control_Actividades!A:C,3,FALSE),"") -> 100 | J93: =H93*I93 -> 100
A94: 46070 | B94: =_xlfn.SINGLE(WEEKNUM(A94,2)) -> 8 | C94: AXEL ALVAREZ | E94: Beneficio | F94: beneficio | G94: =IFERROR(VLOOKUP(E94,Control_Actividades!A:C,2,FALSE),"") -> Dia | H94: 1 | I94: =IFERROR(VLOOKUP(E94,Control_Actividades!A:C,3,FALSE),"") -> 100 | J94: =H94*I94 -> 100
A95: 46070 | B95: =WEEKNUM(A95,2) -> 8 | C95: MARLENI SALAZAR | E95: Corte de Café | F95: Canoa | G95: =IFERROR(VLOOKUP(E95,Control_Actividades!A:C,2,FALSE),"") -> Quintal | H95: 1.15 | I95: =IFERROR(VLOOKUP(E95,Control_Actividades!A:C,3,FALSE),"") -> 70 | J95: =H95*I95 -> 80.5
A96: 46070 | B96: =_xlfn.SINGLE(WEEKNUM(A96,2)) -> 8 | C96: JORGE ODILIO SOLANO | E96: Muestreo de suelos | F96: General | G96: =IFERROR(VLOOKUP(E96,Control_Actividades!A:C,2,FALSE),"") -> Dia | H96: 1 | I96: =IFERROR(VLOOKUP(E96,Control_Actividades!A:C,3,FALSE),"") -> 75 | J96: =H96*I96 -> 75
A97: 46070 | B97: =WEEKNUM(A97,2) -> 8 | C97: DANILO SOLANO | E97: Corte de Café | F97: Canoa | G97: =IFERROR(VLOOKUP(E97,Control_Actividades!A:C,2,FALSE),"") -> Quintal | H97: 1 | I97: =IFERROR(VLOOKUP(E97,Control_Actividades!A:C,3,FALSE),"") -> 70 | J97: =H97*I97 -> 70
A98: 46071 | B98: =_xlfn.SINGLE(WEEKNUM(A98,2)) -> 8 | C98: GILDABERTO SOLANO | E98: Caporal | F98: Canoa | G98: =IFERROR(VLOOKUP(E98,Control_Actividades!A:C,2,FALSE),"") -> Dia | H98: 1 | I98: =IFERROR(VLOOKUP(E98,Control_Actividades!A:C,3,FALSE),"") -> 100 | J98: =H98*I98 -> 100
A99: 46071 | B99: =WEEKNUM(A99,2) -> 8 | C99: HENRY RANDOLFO HERNANDEZ | E99: Encargado beneficio | F99: beneficio | G99: =IFERROR(VLOOKUP(E99,Control_Actividades!A:C,2,FALSE),"") -> Dia | H99: 1 | I99: =IFERROR(VLOOKUP(E99,Control_Actividades!A:C,3,FALSE),"") -> 130 | J99: =H99*I99 -> 130
A100: 46071 | B100: =_xlfn.SINGLE(WEEKNUM(A100,2)) -> 8 | C100: CARMELO GUAMUCH | G100: =IFERROR(VLOOKUP(E100,Control_Actividades!A:C,2,FALSE),"") | I100: =IFERROR(VLOOKUP(E100,Control_Actividades!A:C,3,FALSE),"") | J100: =H100*I100 -> #VALUE!
...

Sheet Control_Actividades
A1: Actividad | B1: Unidad | C1: Precio Unitario
A2: Corte de Café | B2: Quintal | C2: 70
A3: Pepena | B3: Quintal | C3: 0
A4: Fertilización | B4: Hectárea | C4: 150
A5: Limpia Manual | B5: Jornal | C5: 50
A6: Poda | B6: Manzana | C6: 110
A7: Caporal | B7: Dia | C7: 100
A8: Beneficio | B8: Dia | C8: 100
A9: Encargado Beneficio | B9: Dia | C9: 130
A10: Muestreo de Suelos | B10: Dia | C10: 75
A11: Repaso Poda | B11: Manzana | C11: 100

Sheet Resumen_Semanal
A1: Semana | B1: Nombre Trabajador | C1: Total Devengado | D1: Bonificación | E1: Anticipos | F1: Total a Pagar
C2: =SUMAR.SI.CONJUNTO(Registro_Actividades!J:J,Registro_Actividades!C:C,B2,Registro_Actividades!B:B,A2) -> #NAME? | F2: =C2+D2-E2 -> #NAME?
C3: =SUMAR.SI.CONJUNTO(Registro_Actividades!J:J,Registro_Actividades!C:C,B3,Registro_Actividades!B:B,A3) -> #NAME? | F3: =C3+D3-E3 -> #NAME?
C4: =SUMAR.SI.CONJUNTO(Registro_Actividades!J:J,Registro_Actividades!C:C,B4,Registro_Actividades!B:B,A4) -> #NAME? | F4: =C4+D4-E4 -> #NAME?
C5: =SUMAR.SI.CONJUNTO(Registro_Actividades!J:J,Registro_Actividades!C:C,B5,Registro_Actividades!B:B,A5) -> #NAME? | F5: =C5+D5-E5 -> #NAME?
C6: =SUMAR.SI.CONJUNTO(Registro_Actividades!J:J,Registro_Actividades!C:C,B6,Registro_Actividades!B:B,A6) -> #NAME? | F6: =C6+D6-E6 -> #NAME?
C7: =SUMAR.SI.CONJUNTO(Registro_Actividades!J:J,Registro_Actividades!C:C,B7,Registro_Actividades!B:B,A7) -> #NAME? | F7: =C7+D7-E7 -> #NAME?
C8: =SUMAR.SI.CONJUNTO(Registro_Actividades!J:J,Registro_Actividades!C:C,B8,Registro_Actividades!B:B,A8) -> #NAME? | F8: =C8+D8-E8 -> #NAME?
C9: =SUMAR.SI.CONJUNTO(Registro_Actividades!J:J,Registro_Actividades!C:C,B9,Registro_Actividades!B:B,A9) -> #NAME? | F9: =C9+D9-E9 -> #NAME?
C10: =SUMAR.SI.CONJUNTO(Registro_Actividades!J:J,Registro_Actividades!C:C,B10,Registro_Actividades!B:B,A10) -> #NAME? | F10: =C10+D10-E10 -> #NAME?
C11: =SUMAR.SI.CONJUNTO(Registro_Actividades!J:J,Registro_Actividades!C:C,B11,Registro_Actividades!B:B,A11) -> #NAME? | F11: =C11+D11-E11 -> #NAME?
C12: =SUMAR.SI.CONJUNTO(Registro_Actividades!J:J,Registro_Actividades!C:C,B12,Registro_Actividades!B:B,A12) -> #NAME? | F12: =C12+D12-E12 -> #NAME?
C13: =SUMAR.SI.CONJUNTO(Registro_Actividades!J:J,Registro_Actividades!C:C,B13,Registro_Actividades!B:B,A13) -> #NAME? | F13: =C13+D13-E13 -> #NAME?
... C51: =SUMAR.SI.CONJUNTO(Registro_Actividades!J:J,Registro_Actividades!C:C,B51,Registro_Actividades!B:B,A51) -> #NAME? | F51: =C51+D51-E51 -> #NAME?

Sheet Resumen_Lotes
A1: Semana | B1: Lote | C1: Total Devengado Lote
C2: =SUMAR.SI.CONJUNTO(Registro_Actividades!J:J,Registro_Actividades!F:F,B2,Registro_Actividades!B:B,A2) -> #NAME?
C3: =SUMAR.SI.CONJUNTO(Registro_Actividades!J:J,Registro_Actividades!F:F,B3,Registro_Actividades!B:B,A3) -> #NAME?
C4: =SUMAR.SI.CONJUNTO(Registro_Actividades!J:J,Registro_Actividades!F:F,B4,Registro_Actividades!B:B,A4) -> #NAME?
C5: =SUMAR.SI.CONJUNTO(Registro_Actividades!J:J,Registro_Actividades!F:F,B5,Registro_Actividades!B:B,A5) -> #NAME?
C6: =SUMAR.SI.CONJUNTO(Registro_Actividades!J:J,Registro_Actividades!F:F,B6,Registro_Actividades!B:B,A6) -> #NAME?
C7: =SUMAR.SI.CONJUNTO(Registro_Actividades!J:J,Registro_Actividades!F:F,B7,Registro_Actividades!B:B,A7) -> #NAME?
C8: =SUMAR.SI.CONJUNTO(Registro_Actividades!J:J,Registro_Actividades!F:F,B8,Registro_Actividades!B:B,A8) -> #NAME?
C9: =SUMAR.SI.CONJUNTO(Registro_Actividades!J:J,Registro_Actividades!F:F,B9,Registro_Actividades!B:B,A9) -> #NAME?
C10: =SUMAR.SI.CONJUNTO(Registro_Actividades!J:J,Registro_Actividades!F:F,B10,Registro_Actividades!B:B,A10) -> #NAME?
C11: =SUMAR.SI.CONJUNTO(Registro_Actividades!J:J,Registro_Actividades!F:F,B11,Registro_Actividades!B:B,A11) -> #NAME?
C12: =SUMAR.SI.CONJUNTO(Registro_Actividades!J:J,Registro_Actividades!F:F,B12,Registro_Actividades!B:B,A12) -> #NAME?
C13: =SUMAR.SI.CONJUNTO(Registro_Actividades!J:J,Registro_Actividades!F:F,B13,Registro_Actividades!B:B,A13) -> #NAME?
... C51: =SUMAR.SI.CONJUNTO(Registro_Actividades!J:J,Registro_Actividades!F:F,B51,Registro_Actividades!B:B,A51) -> #NAME?
