Workbook

Sheet DATA MANUEL FLORES
A2: # | B2: FECHA | C2: 46125 | F2: 46126 | I2: 46127 | L2: 46128 | O2: 46129 | R2: 46130
B3: Trabajador | C3: Lote | D3: Actividad | E3: Unidades | F3: Lote | G3: Actividad | H3: Unidades | I3: Lote | J3: Actividad | K3: Unidades | L3: Lote | M3: Actividad | N3: Unidades | O3: Lote | P3: Actividad | Q3: Unidades | R3: Lote | S3: Actividad | T3: Unidades
A4: 1 | B4: Marco Antonio Solano | C4: CP | D4: CP | E4: 1 | F4: CP | G4: CP | H4: 1 | I4: CP | J4: CP | K4: 1 | L4: CP | M4: CP | N4: 1 | O4: CP | P4: CP | Q4: 1 | R4: CP | S4: CP | T4: 1
A5: 2 | B5: Gildaberto Solano Arenas | C5: CP | D5: CP | E5: 1 | F5: CP | G5: CP | H5: 1 | I5: CP | J5: CP | K5: 1 | L5: CP | M5: CP | N5: 1 | O5: CP | P5: CP | Q5: 1 | R5: CP | S5: CP | T5: 1
A6: 3 | B6: Henry Randolfo Hernandez Solano | C6: CASA | D6: BE | E6: 1 | F6: BE | G6: BE | H6: 1 | I6: CASA | J6: BE | K6: 1 | L6: BE | M6: BE | N6: 1 | O6: BE | P6: BE | Q6: 1 | R6: BE | S6: BE | T6: 1
A7: 4 | B7: Ruth Nohemi Alvarez Jimenez | C7: CASA | D7: MG | E7: 1 | F7: CASA | G7: MG | H7: 1 | I7: CASA | J7: MG | K7: 1 | L7: CASA | M7: MG | N7: 1 | O7: CASA | P7: MG | Q7: 1 | R7: CASA | S7: MG | T7: 1
A8: 5 | B8: Gaby Maidely Alvarez Jimenez | C8: MG | D8: MG | E8: 1 | F8: CASA | G8: MG | H8: 1 | I8: MG | J8: MG | K8: 1 | L8: CASA | M8: MG | N8: 1 | O8: MG | P8: MG | Q8: 1 | R8: MG | S8: MG | T8: 1
A9: 6 | B9: Enma Mannolia Perez Najera | C9: CANOA | D9: LL | E9: 1 | F9: ARENERA | G9: RP | H9: 1 | I9: CAÑADA | J9: RP | K9: 1 | L9: SAN EMILIANO | M9: RP | N9: 1 | O9: SAN EMILIANO | P9: RP | Q9: 1 | R9: CANOA | S9: LL | T9: 1
A10: 7 | B10: German Nolberto Solano Marroquin | C10: CANOA | D10: LL | E10: 1 | F10: CAÑADA | G10: RP | H10: 1 | I10: CAÑADA | J10: RP | K10: 1 | L10: CANOA | M10: LL | N10: 1 | O10: CANOA | P10: RP | Q10: 1 | R10: CANOA | S10: LL | T10: 1
A11: 8 | B11: Jaime Anibal Marroquin Salazar | C11: CANOA | D11: LL | E11: 1 | F11: CAÑADA | G11: RP | H11: 1 | I11: CAÑADA | J11: RP | K11: 1 | L11: CANOA | M11: LL | N11: 1 | O11: CANOA | P11: RP | Q11: 1 | R11: CANOA | S11: LL | T11: 1
A12: 9 | B12: Adister Arcenio Marroquin | C12: SAN EMILIANO | D12: RP | E12: 1 | F12: SAN EMILIANO | G12: RP | H12: 1 | I12: SAN EMILIANO | J12: RP | K12: 1 | L12: SAN EMILIANO | M12: RP | N12: 1 | O12: CAÑADA | P12: RP | Q12: 0.5 | R12: CRUZ 1 | S12: RP | T12: 1.5
A13: 10 | B13: Edgar Rolando Navas Chacon | I13: CAÑADA | J13: RP | K13: 1 | L13: SAN EMILIANO | M13: RP | N13: 1 | O13: SAN EMILIANO | P13: RP | Q13: 1 | R13: CANOA | S13: LL | T13: 1
A14: 11 | B14: Cindy Roxana Alvarez Lopez
A15: 12 | B15: Carmelo Marroquin Salazar | C15: CANOA | D15: LL | E15: 1 | F15: CAÑADA | G15: RP | H15: 1 | I15: CAÑADA | J15: RP | K15: 1 | L15: CANOA | M15: LL | N15: 1
A16: 13 | B16: Erick Ronaldo Hernandez Martinez
A17: 14 | B17: Erica Yanira Alvarez Lopez
A18: 15 | B18: Elmer Alexander Hernandez Raliois | C18: BE | D18: BE | E18: 1 | F18: BN | G18: BN | H18: 1 | I18: BN | J18: BN | K18: 1 | L18: BN | M18: BN | N18: 1 | O18: BN | P18: BN | Q18: 1 | R18: BN | S18: BN | T18: 1
A19: 16 | B19: Axel Amildo Alvarez Morales | C19: SAN EMILIANO | D19: RP | E19: 1 | F19: SAN EMILIANO | G19: RP | H19: 1 | I19: SAN EMILIANO | J19: RP | K19: 1 | L19: SAN EMILIANO | M19: RP | N19: 1 | O19: CAÑADA | P19: RP | Q19: 1 | R19: CRUZ 1 | S19: RP | T19: 1.5
A20: 17 | B20: Carlos Albino Garcia Mendez | F20: CAÑADA | G20: RP | H20: 1 | I20: CAÑADA | J20: RP | K20: 1 | L20: CANOA | M20: LL | N20: 1 | O20: CANOA | P20: RP | Q20: 1
A21: 18 | B21: Dixon Rene Hernandez Martinez | F21: CAÑADA | G21: RP | H21: 1 | I21: CAÑADA | J21: RP | K21: 1 | L21: CANOA | M21: LL | N21: 1 | O21: CANOA | P21: RP | Q21: 1 | R21: CANOA | S21: LL | T21: 1
A22: 19 | B22: Jose Alexander Navas Martinez | C22: CANOA | D22: LL | E22: 1 | F22: CAÑADA | G22: RP | H22: 1 | R22: CANOA | S22: LL | T22: 1
A23: 20 | B23: Wilfrido Hernandez Ralios | F23: CAÑADA | G23: RP | H23: 1 | I23: CAÑADA | J23: RP | K23: 1 | L23: CANOA | M23: LL | N23: 1 | O23: CANOA | P23: RP | Q23: 1 | R23: CANOA | S23: LL | T23: 1
A24: 21 | B24: Yaritza Amarilis Navas Sanchez | C24: CANOA | D24: LL | E24: 1 | I24: CAÑADA | J24: RP | K24: 1 | L24: SAN EMILIANO | M24: RP | N24: 1 | O24: SAN EMILIANO | P24: RP | Q24: 1 | R24: CANOA | S24: LL | T24: 1
A25: 22 | B25: Luz De Maria Martinez Solano | C25: CANOA | D25: LL | E25: 1 | F25: ARENERA | G25: RP | H25: 1 | I25: ARENERA | J25: RP | K25: 1 | L25: SAN EMILIANO | M25: RP | N25: 1 | O25: SAN EMILIANO | P25: RP | Q25: 1 | R25: CANOA | S25: LL | T25: 1
A26: 23 | B26: Telma Elizabeth Hernandez Martinez | C26: CANOA | D26: LL | E26: 1 | F26: ARENERA | G26: RP | H26: 1 | I26: CAÑADA | J26: RP | K26: 1 | L26: SAN EMILIANO | M26: RP | N26: 1 | O26: SAN EMILIANO | P26: RP | Q26: 1 | R26: CANOA | S26: LL | T26: 1
A27: 24 | B27: Elderr Eduardo Hernandez Navas | C27: CANOA | D27: LL | E27: 1 | I27: CAÑADA | J27: RP | K27: 1 | L27: CANOA | M27: LL | N27: 1 | O27: CANOA | P27: LL | Q27: 1 | R27: CANOA | S27: LL | T27: 1
A28: 25 | B28: Francisco Alexander Navas Juarez | C28: CANOA | D28: LL | E28: 1 | F28: CAÑADA | G28: RP | H28: 1 | R28: CANOA | S28: LL | T28: 1
A29: 26 | B29: Fernando Adelder Guamush Perez | C29: CANOA | D29: LL | E29: 1 | F29: CAÑADA | G29: RP | H29: 1 | I29: CAÑADA | J29: RP | K29: 1 | L29: CANOA | M29: LL | N29: 1 | O29: CANOA | P29: LL | Q29: 1 | R29: CANOA | S29: LL | T29: 1
A30: 27 | B30: Jorge Luis Marroquin Salazar | C30: CANOA | D30: LL | E30: 1 | F30: CAÑADA | G30: RP | H30: 1 | I30: CAÑADA | J30: RP | K30: 1 | L30: CANOA | M30: LL | N30: 1
A31: 28 | B31: Baldomero Solano Marroquin | C31: CANOA | D31: LL | E31: 1 | F31: CAÑADA | G31: RP | H31: 1 | I31: CAÑADA | J31: RP | K31: 1 | L31: CANOA | M31: LL | N31: 1 | O31: CANOA | P31: LL | Q31: 1 | R31: CANOA | S31: LL | T31: 1
A32: 29 | B32: Leidy Susana Solano Perez | C32: CANOA | D32: LL | E32: 1 | F32: ARENERA | G32: RP | H32: 1 | I32: CAÑADA | J32: RP | K32: 1 | L32: SAN EMILIANO | M32: RP | N32: 1 | O32: SAN EMILIANO | P32: RP | Q32: 1 | R32: CANOA | S32: LL | T32: 1
A33: 30 | B33: Jorge Odilio Solano Marroquin | C33: CANOA | D33: LL | E33: 1 | F33: CAÑADA | G33: RP | H33: 1 | I33: CAÑADA | J33: LL | K33: 1 | L33: CANOA | M33: LL | N33: 1 | O33: CANOA | P33: LL | Q33: 1 | R33: CANOA | S33: LL | T33: 1
A34: 31 | B34: Maria Floridalma Alvarez Morales | C34: CANOA | D34: LL | E34: 1 | F34: ARENERA | G34: RP | H34: 1 | I34: CAÑADA | J34: RP | K34: 1 | L34: SAN EMILIANO | M34: RP | N34: 1 | O34: SAN EMILIANO | P34: RP | Q34: 1 | R34: CANOA | S34: LL | T34: 1
A35: 32 | B35: Oliver Gerardo Aguilar Sanchez | C35: CANOA | D35: LL | E35: 1 | F35: CAÑADA | G35: RP | H35: 1 | I35: CAÑADA | J35: RP | K35: 1 | L35: CANOA | M35: LL | N35: 1 | O35: CANOA | P35: LL | Q35: 1 | R35: CANOA | S35: LL | T35: 1
A36: 33 | B36: Julia Yanira Marroquin | C36: CANOA | D36: LL | E36: 1 | F36: ARENERA | G36: RP | H36: 1 | I36: CAÑADA | J36: RP | K36: 1 | L36: SAN EMILIANO | M36: RP | N36: 1 | O36: CANOA | P36: LL | Q36: 1
A37: 34 | B37: Marta Rosmery Hernandez Perez
A38: 35 | B38: Maria Marleni Marroquin Salazar | C38: CANOA | D38: LL | E38: 1 | F38: ARENERA | G38: RP | H38: 1 | I38: ARENERA | J38: RP | K38: 1 | L38: SAN EMILIANO | M38: RP | N38: 1 | O38: CANOA | P38: LL | Q38: 1 | R38: CANOA | S38: LL | T38: 1
A39: 36 | B39: Wilson Orlando Garcia Mendez
A40: 37 | B40: Suleyma Areli Guamush Marroquin | C40: CANOA | D40: LL | E40: 1 | F40: ARENERA | G40: RP | H40: 1 | I40: CAÑADA | J40: RP | K40: 1 | O40: SAN EMILIANO | P40: RP | Q40: 1
A41: 38 | B41: Jonathan Aguilar | C41: CANOA | D41: LL | E41: 1 | F41: CAÑADA | G41: RP | H41: 1 | I41: CAÑADA | J41: RP | K41: 1 | L41: CANOA | M41: LL | N41: 1 | R41: CANOA | S41: LL | T41: 1
A42: 39 | B42: Artemio Danilo Solano Marroquin | C42: CANOA | D42: LL | E42: 1 | F42: CAÑADA | G42: RP | H42: 1 | I42: CAÑADA | J42: RP | K42: 1 | L42: CANOA | M42: LL | N42: 1 | O42: CANOA | P42: LL | Q42: 1 | R42: CANOA | S42: LL | T42: 1
B45: FECHA | C45: 46132 | F45: 46133 | I45: 46134 | L45: 46135 | O45: 46136 | R45: 46137 | U45: 46138
B46: Trabajador | C46: Lote | D46: Actividad | E46: Unidades | F46: Lote | G46: Actividad | H46: Unidades | I46: Lote | J46: Actividad | K46: Unidades | L46: Lote | M46: Actividad | N46: Unidades | O46: Lote | P46: Actividad | Q46: Unidades | R46: Lote | S46: Actividad | T46: Unidades | U46: Lote | V46: Actividad | W46: Unidades
B47: Marco Antonio Solano | C47: CP | D47: CP | E47: 1 | F47: CP | G47: CP | H47: 1 | I47: CP | J47: CP | K47: 1 | L47: CP | M47: CP | N47: 1 | O47: CP | P47: CP | Q47: 1 | R47: CP | S47: CP | T47: 1
B48: Gildaberto Solano Arenas | C48: CP | D48: CP | E48: 1 | F48: CP | G48: CP | H48: 1 | I48: CP | J48: CP | K48: 1 | L48: CP | M48: CP | N48: 1 | O48: CP | P48: CP | Q48: 1 | R48: CP | S48: CP | T48: 1
B49: Henry Randolfo Hernandez Solano | C49: CASA | D49: BE | E49: 1 | F49: CASA | G49: BE | H49: 1 | I49: CASA | J49: BE | K49: 1 | L49: BE | M49: BE | N49: 1 | O49: BE | P49: BE | Q49: 1 | R49: BE | S49: BE | T49: 1
B50: Ruth Nohemi Alvarez Jimenez | C50: CASA | D50: MG | E50: 1 | F50: CASA | G50: MG | H50: 1 | I50: CASA | J50: MG | K50: 1 | L50: CASA | M50: MG | N50: 1 | O50: CASA | P50: MG | Q50: 1 | R50: CASA | S50: MG | T50: 1 | U50: CASA | V50: MG | W50: 1
B51: Gaby Maidely Alvarez Jimenez | C51: MG | D51: MG | E51: 1 | F51: MG | G51: MG | H51: 1 | I51: MG | J51: MG | K51: 1 | L51: MG | M51: MG | N51: 1 | O51: MG | P51: MG | Q51: 1 | R51: CASA | S51: MG | T51: 1 | U51: CASA | V51: MG | W51: 1
B52: Enma Mannolia Perez Najera | C52: CAÑADA | D52: RP | E52: 1 | F52: CANOA | G52: MS | H52: 1 | I52: CANOA | J52: MS | K52: 1 | L52: CANOA | M52: MS | N52: 1 | O52: CANOA | P52: MS | Q52: 1 | R52: CANOA | S52: MS | T52: 1
B53: German Nolberto Solano Marroquin | C53: CANOA | D53: LL | E53: 1 | F53: CANOA | G53: MS | H53: 1 | I53: CANOA | J53: MS | K53: 1 | L53: CANOA | M53: MS | N53: 1 | O53: CANOA | P53: MS | Q53: 1 | R53: CANOA | S53: MS | T53: 1
B54: Jaime Anibal Marroquin Salazar | C54: CANOA | D54: LL | E54: 1 | F54: CANOA | G54: MS | H54: 1 | I54: CANOA | J54: MG | K54: 1 | L54: CANOA | M54: MG | N54: 1 | O54: CANOA | P54: MS | Q54: 1 | R54: VUELTA GRANDE | S54: MS | T54: 1
B55: Adister Arcenio Marroquin | C55: CANOA | D55: LL | E55: 1 | F55: CANOA | G55: RP | H55: 1 | I55: CANOA | J55: MS | K55: 1 | L55: CANOA | M55: MS | N55: 1 | O55: CANOA | P55: MS | Q55: 1 | R55: VUELTA GRANDE | S55: MS | T55: 1
B56: Edgar Rolando Navas Chacon | C56: CANOA | D56: LL | E56: 1 | F56: CANOA | G56: MG | H56: 1 | I56: CANOA | J56: MG | K56: 1 | L56: CANOA | M56: MG | N56: 1 | O56: CANOA | P56: MG | Q56: 1 | R56: VUELTA GRANDE | S56: MS | T56: 1
B57: Cindy Roxana Alvarez Lopez
B58: Carmelo Marroquin Salazar | C58: CANOA | D58: LL | E58: 1 | F58: CANOA | G58: MS | H58: 1 | I58: CANOA | J58: MS | K58: 1 | L58: CANOA | M58: MS | N58: 1 | O58: CANOA | P58: MS | Q58: 1 | R58: VUELTA GRANDE | S58: MS | T58: 1
B59: Erick Ronaldo Hernandez Martinez | F59: CANOA | G59: MS | H59: 1 | I59: CANOA | J59: MS | K59: 1 | L59: CANOA | M59: MS | N59: 1 | O59: ARENERA | P59: MG | Q59: 1 | R59: VUELTA GRANDE | S59: MS | T59: 1
B60: Erica Yanira Alvarez Lopez | F60: CANOA | G60: MS | H60: 1 | I60: CANOA | J60: MS | K60: 1 | L60: CANOA | M60: MS | N60: 1 | O60: CANOA | P60: MS | Q60: 1 | R60: VUELTA GRANDE | S60: MS | T60: 1
B61: Elmer Alexander Hernandez Raliois | C61: BN | D61: BN | E61: 1 | F61: BN | G61: BN | H61: 1 | I61: BN | J61: BN | K61: 1 | L61: BN | M61: BN | N61: 1 | O61: BN | P61: BN | Q61: 1 | R61: BENEFICIO | S61: BN | T61: 1
B62: Axel Amildo Alvarez Morales | C62: CANOA | D62: LL | E62: 1 | F62: CANOA | G62: MS | H62: 1 | I62: CANOA | J62: MS | K62: 1 | L62: CANOA | M62: MS | N62: 1 | O62: CANOA | P62: MS | Q62: 1 | R62: VUELTA GRANDE | S62: MS | T62: 1
B63: Carlos Albino Garcia Mendez | C63: CANOA | D63: LL | E63: 1 | F63: CANOA | G63: MS | H63: 1 | I63: CANOA | J63: MS | K63: 1 | L63: CANOA | M63: MS | N63: 1 | O63: CANOA | P63: MS | Q63: 1 | R63: VUELTA GRANDE | S63: MS | T63: 1
B64: Dixon Rene Hernandez Martinez | C64: CANOA | D64: LL | E64: 1 | F64: CANOA | G64: MS | H64: 1 | I64: CANOA | J64: MS | K64: 1 | L64: CANOA | M64: MS | N64: 1 | O64: CANOA | P64: MS | Q64: 1 | R64: VUELTA GRANDE | S64: MS | T64: 1
B65: Jose Alexander Navas Martinez | C65: CANOA | D65: LL | E65: 1 | F65: BN | G65: BN | H65: 1 | I65: CANOA | J65: MS | K65: 1 | L65: CANOA | M65: MS | N65: 1 | O65: CANOA | P65: MS | Q65: 1 | R65: VUELTA GRANDE | S65: MS | T65: 1
B66: Wilfrido Hernandez Ralios | C66: CANOA | D66: LL | E66: 1 | F66: CANOA | G66: MS | H66: 1 | I66: CANOA | J66: MS | K66: 1 | L66: CANOA | M66: MS | N66: 1 | O66: CANOA | P66: MS | Q66: 1 | R66: VUELTA GRANDE | S66: MS | T66: 1
B67: Yaritza Amarilis Navas Sanchez | C67: CAÑADA | D67: LL | E67: 1 | F67: CANOA | G67: MS | H67: 1 | I67: CANOA | J67: MS | K67: 1 | L67: CANOA | M67: MS | N67: 1 | O67: CANOA | P67: MS | Q67: 1 | R67: VUELTA GRANDE | S67: MS | T67: 1
B68: Luz De Maria Martinez Solano | C68: CANOA | D68: LL | E68: 1 | F68: CANOA | G68: MS | H68: 1 | I68: CANOA | J68: MS | K68: 1 | L68: CANOA | M68: MS | N68: 1 | O68: CANOA | P68: MS | Q68: 1 | R68: VUELTA GRANDE | S68: MS | T68: 1
B69: Telma Elizabeth Hernandez Martinez | C69: CANOA | D69: LL | E69: 1 | F69: CANOA | G69: MS | H69: 1 | I69: CANOA | J69: MS | K69: 1 | L69: CANOA | M69: MS | N69: 1 | O69: CANOA | P69: MS | Q69: 1 | R69: VUELTA GRANDE | S69: MS | T69: 1
B70: Elderr Eduardo Hernandez Navas | C70: CANOA | D70: LL | E70: 1 | F70: CANOA | G70: MS | H70: 1 | I70: CANOA | J70: MS | K70: 1 | L70: CANOA | M70: MS | N70: 1 | O70: CANOA | P70: MS | Q70: 1 | R70: VUELTA GRANDE | S70: MS | T70: 1
B71: Francisco Alexander Navas Juarez | C71: CANOA | D71: LL | E71: 1 | F71: CANOA | G71: MS | H71: 1 | I71: CANOA | J71: MG | K71: 1 | L71: CANOA | M71: MG | N71: 1 | O71: CANOA | P71: MS | Q71: 1 | R71: VUELTA GRANDE | S71: MS | T71: 1
B72: Fernando Adelder Guamush Perez | C72: CANOA | D72: LL | E72: 1 | F72: CANOA | G72: MS | H72: 1 | I72: CANOA | J72: MS | K72: 1 | L72: CANOA | M72: MS | N72: 1 | O72: CANOA | P72: MS | Q72: 1 | R72: VUELTA GRANDE | S72: MS | T72: 1
... B77: Maria Floridalma Alvarez Morales | C77: CAÑADA | D77: RP | E77: 1 | F77: CANOA | G77: MS | H77: 1 | I77: CANOA | J77: MS | K77: 1 | L77: CANOA | M77: MS | N77: 1 | O77: CANOA | P77: MS | Q77: 1 | R77: VUELTA GRANDE | S77: MS | T77: 1
B78: Oliver Gerardo Aguilar Sanchez | F78: CANOA | G78: MS | H78: 1 | I78: CANOA | J78: MS | K78: 1 | L78: CANOA | M78: MS | N78: 1 | O78: CANOA | P78: MS | Q78: 1 | R78: VUELTA GRANDE | S78: MS | T78: 1
B79: Julia Yanira Marroquin | C79: CANOA | D79: LL | E79: 1 | F79: CANOA | G79: MS | H79: 1 | I79: CANOA | J79: MS | K79: 1 | L79: CANOA | M79: MS | N79: 1 | O79: CANOA | P79: MS | Q79: 1 | R79: VUELTA GRANDE | S79: MS | T79: 1
B80: Marta Rosmery Hernandez Perez | O80: CANOA | P80: MS | Q80: 1 | R80: CANOA | S80: MS | T80: 1
B81: Maria Marleni Marroquin Salazar | C81: CANOA | D81: LL | E81: 1 | F81: CANOA | G81: MS | H81: 1 | I81: CANOA | J81: MS | K81: 1 | L81: CANOA | M81: MS | N81: 1 | O81: CANOA | P81: MS | Q81: 1 | R81: VUELTA GRANDE | S81: MS | T81: 1
B82: Wilson Orlando Garcia Mendez | I82: CANOA | J82: MS | K82: 1 | O82: CANOA | P82: MS | Q82: 1 | R82: VUELTA GRANDE | S82: MS | T82: 1
B83: Suleyma Areli Guamush Marroquin | C83: CANOA | D83: LL | E83: 1 | F83: CANOA | G83: MS | H83: 1 | I83: CANOA | J83: MS | K83: 1 | L83: CANOA | M83: MS | N83: 1 | O83: CANOA | P83: MS | Q83: 1 | R83: VUELTA GRANDE | S83: MS | T83: 1
B84: Jonathan Aguilar | C84: CANOA | D84: LL | E84: 1 | I84: CANOA | J84: MS | K84: 1 | L84: CANOA | M84: MS | N84: 1 | O84: CANOA | P84: MS | Q84: 1 | R84: VUELTA GRANDE | S84: MS | T84: 1
B85: Artemio Danilo Solano Marroquin | C85: CANOA | D85: LL | E85: 1 | F85: CANOA | G85: MG | H85: 1 | I85: CANOA | J85: MG | K85: 1 | L85: CANOA | M85: MS | N85: 1 | O85: CANOA | P85: MS | Q85: 1 | R85: VUELTA GRANDE | S85: MS | T85: 1
B88: FECHA | C88: 46139 | F88: 46140 | I88: 46141 | L88: 46142 | O88: 46143 | R88: 46144
B89: Trabajador | C89: Lote | D89: Actividad | E89: Unidades | F89: Lote | G89: Actividad | H89: 1 | I89: Lote | J89: Actividad | K89: Unidades | L89: Lote | M89: Actividad | N89: Unidades | O89: Lote | P89: Actividad | Q89: Unidades | R89: Lote | S89: Actividad | T89: Unidades
B90: Marco Antonio Solano | C90: CP | D90: CP | E90: 1 | F90: CP | G90: CP | H90: 1 | I90: CP | J90: CP | K90: 1 | L90: CP | M90: CP | N90: 1 | O90: CP | P90: CP | Q90: 1 | R90: CP | S90: CP | T90: 1
B91: Gildaberto Solano Arenas | C91: CP | D91: CP | E91: 1 | F91: CP | G91: CP | H91: 1 | I91: CP | J91: CP | K91: 1 | L91: CP | M91: CP | N91: 1 | O91: CP | P91: CP | Q91: 1 | R91: CP | S91: CP | T91: 1
B92: Henry Randolfo Hernandez Solano | C92: BE | D92: BE | E92: 1 | F92: BE | G92: BE | H92: 1 | I92: BE | J92: BE | K92: 1 | L92: BE | M92: BE | N92: 1 | O92: CP | P92: CP | Q92: 1 | R92: BE | S92: BE | T92: 1
B93: Ruth Nohemi Alvarez Jimenez | C93: CASA | D93: MG | E93: 1 | F93: CASA | G93: MG | H93: 1 | I93: CASA | J93: MG | K93: 1 | L93: CASA | M93: MG | N93: 1 | O93: CASA | P93: MG | Q93: 1 | R93: CASA | S93: MG | T93: 1
B94: Gaby Maidely Alvarez Jimenez | C94: CASA | D94: MG | E94: 1 | F94: CASA | G94: MG | H94: 1 | I94: CASA | J94: MG | K94: 1 | L94: CASA | M94: MG | N94: 1 | O94: CASA | P94: MG | Q94: 1 | R94: CASA | S94: MG | T94: 1
B95: Enma Mannolia Perez Najera | C95: VUELTA GRANDE | D95: MS | E95: 1 | F95: VUELTA GRANDE | G95: MS | H95: 1 | I95: VUELTA GRANDE | J95: MS | K95: 1 | L95: CRUZ 1 | M95: MS | N95: 1 | O95: CRUZ 1 | P95: MS | Q95: 1 | R95: FERIADO | S95: FERIADO | T95: 1
B96: German Nolberto Solano Marroquin | C96: VUELTA GRANDE | D96: MS | E96: 1 | F96: VUELTA GRANDE | G96: MS | H96: 1 | I96: VUELTA GRANDE | J96: MS | K96: 1 | L96: CRUZ 1 | M96: MS | N96: 1 | O96: CRUZ 1 | P96: MS | Q96: 1 | R96: FERIADO | S96: FERIADO | T96: 1
B97: Jaime Anibal Marroquin Salazar | C97: VUELTA GRANDE | D97: MS | E97: 1 | F97: VUELTA GRANDE | G97: MS | H97: 1 | I97: VUELTA GRANDE | J97: MS | K97: 1 | L97: CRUZ 1 | M97: MS | N97: 1 | O97: CRUZ 1 | P97: MS | Q97: 1 | R97: FERIADO | S97: FERIADO | T97: 1
B98: Adister Arcenio Marroquin | C98: VUELTA GRANDE | D98: MS | E98: 1 | F98: VUELTA GRANDE | G98: MS | H98: 1 | I98: VUELTA GRANDE | J98: MS | K98: 1 | L98: CRUZ 1 | M98: MS | N98: 1 | O98: CRUZ 1 | P98: MS | Q98: 1 | R98: FERIADO | S98: FERIADO | T98: 1
B99: Edgar Rolando Navas Chacon | C99: VUELTA GRANDE | D99: MS | E99: 1 | F99: VUELTA GRANDE | G99: MS | H99: 1 | I99: VUELTA GRANDE | J99: MS | K99: 1 | L99: CRUZ 1 | M99: MS | N99: 1 | O99: CRUZ 1 | P99: MS | Q99: 1 | R99: FERIADO | S99: FERIADO | T99: 1
B100: Cindy Roxana Alvarez Lopez | C100: VUELTA GRANDE | D100: MS | E100: 1 | F100: VUELTA GRANDE | G100: MS | H100: 1 | I100: VUELTA GRANDE | J100: MS | K100: 1 | L100: CRUZ 1 | M100: MS | N100: 1 | O100: CRUZ 1 | P100: MS | Q100: 1 | R100: FERIADO | S100: FERIADO | T100: 1
B101: Carmelo Marroquin Salazar | C101: VUELTA GRANDE | D101: MS | E101: 1 | F101: VUELTA GRANDE | G101: MS | H101: 1 | I101: VUELTA GRANDE | J101: MS | K101: 1 | L101: CRUZ 1 | M101: MS | N101: 1 | O101: CRUZ 1 | P101: MS | Q101: 1 | R101: FERIADO | S101: FERIADO | T101: 1
... B115: Fernando Adelder Guamush Perez | C115: VUELTA GRANDE | D115: MS | E115: 1 | F115: VUELTA GRANDE | G115: MS | H115: 1 | I115: VUELTA GRANDE | J115: MS | K115: 1 | L115: CRUZ 1 | M115: MS | N115: 1 | O115: CRUZ 1 | P115: MS | Q115: 1 | R115: FERIADO | S115: FERIADO | T115: 1
B116: Jorge Luis Marroquin Salazar | F116: VUELTA GRANDE | G116: MS | H116: 1 | I116: VUELTA GRANDE | J116: MS | K116: 1 | L116: CARBONERA | M116: CA | N116: 1 | O116: CRUZ 1 | P116: MS | Q116: 1 | R116: FERIADO | S116: FERIADO | T116: 1
B117: Baldomero Solano Marroquin | C117: VUELTA GRANDE | D117: MS | E117: 1 | F117: VUELTA GRANDE | G117: MS | H117: 1 | I117: VUELTA GRANDE | J117: MS | K117: 1 | L117: CRUZ 1 | M117: MS | N117: 1 | O117: CRUZ 1 | P117: MS | Q117: 1 | R117: FERIADO | S117: FERIADO | T117: 1
B118: Leidy Susana Solano Perez | C118: VUELTA GRANDE | D118: MS | E118: 1 | F118: VUELTA GRANDE | G118: MS | H118: 1 | I118: VUELTA GRANDE | J118: MS | K118: 1 | L118: CRUZ 1 | M118: MS | N118: 1 | O118: CRUZ 1 | P118: MS | Q118: 1 | R118: FERIADO | S118: FERIADO | T118: 1
B119: Jorge Odilio Solano Marroquin | C119: VUELTA GRANDE | D119: MS | E119: 1 | F119: VUELTA GRANDE | G119: MS | H119: 1 | I119: VUELTA GRANDE | J119: MS | K119: 1 | L119: CRUZ 1 | M119: MS | N119: 1 | O119: CRUZ 1 | P119: MS | Q119: 1 | R119: FERIADO | S119: FERIADO | T119: 1
B120: Maria Floridalma Alvarez Morales | C120: VUELTA GRANDE | D120: MS | E120: 1 | F120: VUELTA GRANDE | G120: MS | H120: 1 | I120: VUELTA GRANDE | J120: MS | K120: 1 | L120: CRUZ 1 | M120: MS | N120: 1 | O120: CRUZ 1 | P120: MS | Q120: 1 | R120: FERIADO | S120: FERIADO | T120: 1
B121: Oliver Gerardo Aguilar Sanchez | C121: VUELTA GRANDE | D121: MS | E121: 1 | F121: VUELTA GRANDE | G121: MS | H121: 1 | I121: VUELTA GRANDE | J121: MS | K121: 1 | L121: CRUZ 1 | M121: MS | N121: 1 | O121: CRUZ 1 | P121: MS | Q121: 1 | R121: FERIADO | S121: FERIADO | T121: 1
B122: Julia Yanira Marroquin | C122: VUELTA GRANDE | D122: MS | E122: 1 | F122: VUELTA GRANDE | G122: MS | H122: 1 | I122: VUELTA GRANDE | J122: MS | K122: 1 | L122: CRUZ 1 | M122: MS | N122: 1 | O122: CRUZ 1 | P122: MS | Q122: 1 | R122: FERIADO | S122: FERIADO | T122: 1
...

Sheet DATA ORIGINAL
A1: FECHA | B1: No. ASIGNADO | C1: TRABAJADOR | D1: LOTE | E1: ACTIVIDAD | F1: UNIDADES | G1: NOMBRE ACTIVIDAD
A2: 46125 | B2: 1 | C2: Marco Antonio Solano | D2: CP | E2: CP | F2: 1 | G2: =VLOOKUP(E2,ACTIVIDADES!A1:D17,2) -> CAPORAL
A3: 46125 | B3: 2 | C3: Gildaberto Solano Arenas | D3: CP | E3: CP | F3: 1 | G3: =VLOOKUP(E3,ACTIVIDADES!A1:D17,2) -> CAPORAL
A4: 46125 | B4: 3 | C4: Henry Randolfo Hernandez Solano | D4: CASA | E4: BE | F4: 1 | G4: =VLOOKUP(E4,ACTIVIDADES!A2:D17,2) -> #N/A
A5: 46125 | B5: 4 | C5: Ruth Nohemi Alvarez Jimenez | D5: CASA | E5: MG | F5: 1 | G5: =VLOOKUP(E5,ACTIVIDADES!A3:D18,2) -> HACIENDA
A6: 46125 | B6: 5 | C6: Gaby Maidely Alvarez Jimenez | D6: MG | E6: MG | F6: 1 | G6: =VLOOKUP(E6,ACTIVIDADES!A4:D19,2) -> MANTENIMIENTO GENERAL
A7: 46125 | B7: 6 | C7: Enma Mannolia Perez Najera | D7: CANOA | E7: LL | F7: 1 | G7: =VLOOKUP(E7,ACTIVIDADES!A5:D20,2) -> LIMPIA LOTE
A8: 46125 | B8: 7 | C8: German Nolberto Solano Marroquin | D8: CANOA | E8: LL | F8: 1 | G8: =VLOOKUP(E8,ACTIVIDADES!A6:D21,2) -> DESCONOCIDA
A9: 46125 | B9: 8 | C9: Jaime Anibal Marroquin Salazar | D9: CANOA | E9: LL | F9: 1 | G9: =VLOOKUP(E9,ACTIVIDADES!A7:D22,2) -> HACIENDA
A10: 46125 | B10: 9 | C10: Adister Arcenio Marroquin | D10: SAN EMILIANO | E10: RP | F10: 1 | G10: =VLOOKUP(E10,ACTIVIDADES!A8:D23,2) -> DESCONOCIDA
A11: 46125 | B11: 10 | C11: Edgar Rolando Navas Chacon | G11: =VLOOKUP(E11,ACTIVIDADES!A9:D24,2) -> #N/A
A12: 46125 | B12: 11 | C12: Cindy Roxana Alvarez Lopez | G12: =VLOOKUP(E12,ACTIVIDADES!A11:D25,2) -> #N/A
A13: 46125 | B13: 12 | C13: Carmelo Marroquin Salazar | D13: CANOA | E13: LL | F13: 1 | G13: =VLOOKUP(E13,ACTIVIDADES!A14:D26,2) -> DESCONOCIDA
A14: 46125 | B14: 13 | C14: Erick Ronaldo Hernandez Martinez | G14: =VLOOKUP(E14,ACTIVIDADES!A17:D27,2) -> #N/A
A15: 46125 | B15: 14 | C15: Erica Yanira Alvarez Lopez | G15: =VLOOKUP(E15,ACTIVIDADES!A18:D28,2) -> #N/A
A16: 46125 | B16: 15 | C16: Elmer Alexander Hernandez Raliois | D16: BE | E16: BE | F16: 1 | G16: =VLOOKUP(E16,ACTIVIDADES!A18:D29,2) -> #N/A
A17: 46125 | B17: 16 | C17: Axel Amildo Alvarez Morales | D17: SAN EMILIANO | E17: RP | F17: 1 | G17: =VLOOKUP(E17,ACTIVIDADES!A18:D30,2) -> #N/A
A18: 46125 | B18: 17 | C18: Carlos Albino Garcia Mendez | G18: =VLOOKUP(E18,ACTIVIDADES!A19:D31,2) -> #N/A
A19: 46125 | B19: 18 | C19: Dixon Rene Hernandez Martinez | G19: =VLOOKUP(E19,ACTIVIDADES!A20:D32,2) -> #N/A
A20: 46125 | B20: 19 | C20: Jose alexander Navas Martinez | D20: CANOA | E20: LL | F20: 1 | G20: =VLOOKUP(E20,ACTIVIDADES!A21:D33,2) -> #N/A
A21: 46125 | B21: 20 | C21: Wilfrido Hernandez Ralios | G21: =VLOOKUP(E21,ACTIVIDADES!A22:D34,2) -> #N/A
A22: 46125 | B22: 21 | C22: Yaritza Amarilis Navas Sanchez | D22: CANOA | E22: LL | F22: 1 | G22: =VLOOKUP(E22,ACTIVIDADES!A23:D35,2) -> #N/A
A23: 46125 | B23: 22 | C23: Luz De Maria Martinez Solano | D23: CANOA | E23: LL | F23: 1 | G23: =VLOOKUP(E23,ACTIVIDADES!A24:D36,2) -> #N/A
A24: 46125 | B24: 23 | C24: Telma Elizabeth Hernandez Martinez | D24: CANOA | E24: LL | F24: 1 | G24: =VLOOKUP(E24,ACTIVIDADES!A25:D37,2) -> #N/A
A25: 46125 | B25: 24 | C25: Elderr Eduardo Hernandez Navas | D25: CANOA | E25: LL | F25: 1 | G25: =VLOOKUP(E25,ACTIVIDADES!A26:D38,2) -> #N/A
A26: 46125 | B26: 25 | C26: Francisco Alexander Navas Juarez | D26: CANOA | E26: LL | F26: 1 | G26: =VLOOKUP(E26,ACTIVIDADES!A27:D39,2) -> #N/A
A27: 46125 | B27: 26 | C27: Fernando Adelder Guamush Perez | D27: CANOA | E27: LL | F27: 1 | G27: =VLOOKUP(E27,ACTIVIDADES!A28:D40,2) -> #N/A
A28: 46125 | B28: 27 | C28: Jorge Luis Marroquin Salazar | D28: CANOA | E28: LL | F28: 1 | G28: =VLOOKUP(E28,ACTIVIDADES!A29:D41,2) -> #N/A
A29: 46125 | B29: 28 | C29: Baldomero Solano Marroquin | D29: CANOA | E29: LL | F29: 1 | G29: =VLOOKUP(E29,ACTIVIDADES!A30:D42,2) -> #N/A
A30: 46125 | B30: 29 | C30: Leidy Susana Solano Perez | D30: CANOA | E30: LL | F30: 1 | G30: =VLOOKUP(E30,ACTIVIDADES!A31:D43,2) -> #N/A
A31: 46125 | B31: 30 | C31: Jorge Odilio Solano Marroquin | D31: CANOA | E31: LL | F31: 1 | G31: =VLOOKUP(E31,ACTIVIDADES!A32:D44,2) -> #N/A
A32: 46125 | B32: 31 | C32: Maria Floridalma Alvarez Morales | D32: CANOA | E32: LL | F32: 1 | G32: =VLOOKUP(E32,ACTIVIDADES!A33:D45,2) -> #N/A
A33: 46125 | B33: 32 | C33: Oliver Gerardo Aguilar Sanchez | D33: CANOA | E33: LL | F33: 1 | G33: =VLOOKUP(E33,ACTIVIDADES!A34:D46,2) -> #N/A
A34: 46125 | B34: 33 | C34: Julia Yanira Marroquin | D34: CANOA | E34: LL | F34: 1 | G34: =VLOOKUP(E34,ACTIVIDADES!A35:D47,2) -> #N/A
A35: 46125 | B35: 34 | C35: Marta Rosmery Hernandez Perez | G35: =VLOOKUP(E35,ACTIVIDADES!A36:D48,2) -> #N/A
A36: 46125 | B36: 35 | C36: Maria Marleni Marroquin Salazar | D36: CANOA | E36: LL | F36: 1 | G36: =VLOOKUP(E36,ACTIVIDADES!A37:D49,2) -> #N/A
A37: 46125 | B37: 36 | C37: Wilson Orlando Garcia Mendez | G37: =VLOOKUP(E37,ACTIVIDADES!A38:D50,2) -> #N/A
A38: 46125 | B38: 37 | C38: Suleyma Areli Guamush Marroquin | D38: CANOA | E38: LL | F38: 1 | G38: =VLOOKUP(E38,ACTIVIDADES!A39:D51,2) -> #N/A
A39: 46125 | B39: 38 | C39: Jonathan Aguilar | D39: CANOA | E39: LL | F39: 1 | G39: =VLOOKUP(E39,ACTIVIDADES!A40:D52,2) -> #N/A
A40: 46125 | B40: 39 | C40: Artemio Danilo Solano Marroquin | D40: CANOA | E40: LL | F40: 1 | G40: =VLOOKUP(E40,ACTIVIDADES!A41:D53,2) -> #N/A
A41: 46126 | B41: 1 | C41: Marco Antonio Solano | D41: CP | E41: CP | F41: 1 | G41: =VLOOKUP(E41,ACTIVIDADES!A42:D54,2) -> #N/A
A42: 46126 | B42: 2 | C42: Gildaberto Solano Arenas | D42: CP | E42: CP | F42: 1 | G42: =VLOOKUP(E42,ACTIVIDADES!A43:D55,2) -> #N/A
A43: 46126 | B43: 3 | C43: Henry Randolfo Hernandez Solano | D43: BE | E43: BE | F43: 1 | G43: =VLOOKUP(E43,ACTIVIDADES!A44:D56,2) -> #N/A
A44: 46126 | B44: 4 | C44: Ruth Nohemi Alvarez Jimenez | D44: CASA | E44: MG | F44: 1 | G44: =VLOOKUP(E44,ACTIVIDADES!A45:D57,2) -> #N/A
A45: 46126 | B45: 5 | C45: Gaby Maidely Alvarez Jimenez | D45: CASA | E45: MG | F45: 1 | G45: =VLOOKUP(E45,ACTIVIDADES!A46:D58,2) -> #N/A
A46: 46126 | B46: 6 | C46: Enma Mannolia Perez Najera | D46: ARENERA | E46: RP | F46: 1 | G46: =VLOOKUP(E46,ACTIVIDADES!A47:D59,2) -> #N/A
A47: 46126 | B47: 7 | C47: German Nolberto Solano Marroquin | D47: CAÑADA | E47: RP | F47: 1 | G47: =VLOOKUP(E47,ACTIVIDADES!A48:D60,2) -> #N/A
A48: 46126 | B48: 8 | C48: Jaime Anibal Marroquin Salazar | D48: CAÑADA | E48: RP | F48: 1 | G48: =VLOOKUP(E48,ACTIVIDADES!A49:D61,2) -> #N/A
A49: 46126 | B49: 9 | C49: Adister Arcenio Marroquin | D49: SAN EMILIANO | E49: RP | F49: 1 | G49: =VLOOKUP(E49,ACTIVIDADES!A50:D62,2) -> #N/A
A50: 46126 | B50: 10 | C50: Edgar Rolando Navas Chacon | G50: =VLOOKUP(E50,ACTIVIDADES!A51:D63,2) -> #N/A
A51: 46126 | B51: 11 | C51: Cindy Roxana Alvarez Lopez | G51: =VLOOKUP(E51,ACTIVIDADES!A52:D64,2) -> #N/A
A52: 46126 | B52: 12 | C52: Carmelo Marroquin Salazar | D52: CAÑADA | E52: RP | F52: 1 | G52: =VLOOKUP(E52,ACTIVIDADES!A53:D65,2) -> #N/A
A53: 46126 | B53: 13 | C53: Erick Ronaldo Hernandez Martinez | G53: =VLOOKUP(E53,ACTIVIDADES!A54:D66,2) -> #N/A
A54: 46126 | B54: 14 | C54: Erica Yanira Alvarez Lopez | G54: =VLOOKUP(E54,ACTIVIDADES!A55:D67,2) -> #N/A
A55: 46126 | B55: 15 | C55: Elmer Alexander Hernandez Raliois | D55: BN | E55: BN | F55: 1 | G55: =VLOOKUP(E55,ACTIVIDADES!A56:D68,2) -> #N/A
A56: 46126 | B56: 16 | C56: Axel Amildo Alvarez Morales | D56: SAN EMILIANO | E56: RP | F56: 1 | G56: =VLOOKUP(E56,ACTIVIDADES!A57:D69,2) -> #N/A
A57: 46126 | B57: 17 | C57: Carlos Albino Garcia Mendez | D57: CAÑADA | E57: RP | F57: 1 | G57: =VLOOKUP(E57,ACTIVIDADES!A58:D70,2) -> #N/A
A58: 46126 | B58: 18 | C58: Dixon Rene Hernandez Martinez | D58: CAÑADA | E58: RP | F58: 1 | G58: =VLOOKUP(E58,ACTIVIDADES!A59:D71,2) -> #N/A
A59: 46126 | B59: 19 | C59: Jose alexander Navas Martinez | D59: CAÑADA | E59: RP | F59: 1 | G59: =VLOOKUP(E59,ACTIVIDADES!A60:D72,2) -> #N/A
A60: 46126 | B60: 20 | C60: Wilfrido Hernandez Ralios | D60: CAÑADA | E60: RP | F60: 1 | G60: =VLOOKUP(E60,ACTIVIDADES!A61:D73,2) -> #N/A
A61: 46126 | B61: 21 | C61: Yaritza Amarilis Navas Sanchez | G61: =VLOOKUP(E61,ACTIVIDADES!A62:D74,2) -> #N/A
A62: 46126 | B62: 22 | C62: Luz De Maria Martinez Solano | D62: ARENERA | E62: RP | F62: 1 | G62: =VLOOKUP(E62,ACTIVIDADES!A63:D75,2) -> #N/A
A63: 46126 | B63: 23 | C63: Telma Elizabeth Hernandez Martinez | D63: ARENERA | E63: RP | F63: 1 | G63: =VLOOKUP(E63,ACTIVIDADES!A64:D76,2) -> #N/A
A64: 46126 | B64: 24 | C64: Elderr Eduardo Hernandez Navas | G64: =VLOOKUP(E64,ACTIVIDADES!A65:D77,2) -> #N/A
A65: 46126 | B65: 25 | C65: Francisco Alexander Navas Juarez | D65: CAÑADA | E65: RP | F65: 1 | G65: =VLOOKUP(E65,ACTIVIDADES!A66:D78,2) -> #N/A
A66: 46126 | B66: 26 | C66: Fernando Adelder Guamush Perez | D66: CAÑADA | E66: RP | F66: 1 | G66: =VLOOKUP(E66,ACTIVIDADES!A67:D79,2) -> #N/A
A67: 46126 | B67: 27 | C67: Jorge Luis Marroquin Salazar | D67: CAÑADA | E67: RP | F67: 1 | G67: =VLOOKUP(E67,ACTIVIDADES!A68:D80,2) -> #N/A
A68: 46126 | B68: 28 | C68: Baldomero Solano Marroquin | D68: CAÑADA | E68: RP | F68: 1 | G68: =VLOOKUP(E68,ACTIVIDADES!A69:D81,2) -> #N/A
A69: 46126 | B69: 29 | C69: Leidy Susana Solano Perez | D69: ARENERA | E69: RP | F69: 1 | G69: =VLOOKUP(E69,ACTIVIDADES!A70:D82,2) -> #N/A
A70: 46126 | B70: 30 | C70: Jorge Odilio Solano Marroquin | D70: CAÑADA | E70: RP | F70: 1 | G70: =VLOOKUP(E70,ACTIVIDADES!A71:D83,2) -> #N/A
A71: 46126 | B71: 31 | C71: Maria Floridalma Alvarez Morales | D71: ARENERA | E71: RP | F71: 1 | G71: =VLOOKUP(E71,ACTIVIDADES!A72:D84,2) -> #N/A
A72: 46126 | B72: 32 | C72: Oliver Gerardo Aguilar Sanchez | D72: CAÑADA | E72: RP | F72: 1 | G72: =VLOOKUP(E72,ACTIVIDADES!A73:D85,2) -> #N/A
A73: 46126 | B73: 33 | C73: Julia Yanira Marroquin | D73: ARENERA | E73: RP | F73: 1 | G73: =VLOOKUP(E73,ACTIVIDADES!A74:D86,2) -> #N/A
A74: 46126 | B74: 34 | C74: Marta Rosmery Hernandez Perez | G74: =VLOOKUP(E74,ACTIVIDADES!A75:D87,2) -> #N/A
A75: 46126 | B75: 35 | C75: Maria Marleni Marroquin Salazar | D75: ARENERA | E75: RP | F75: 1 | G75: =VLOOKUP(E75,ACTIVIDADES!A76:D88,2) -> #N/A
A76: 46126 | B76: 36 | C76: Wilson Orlando Garcia Mendez | G76: =VLOOKUP(E76,ACTIVIDADES!A77:D89,2) -> #N/A
A77: 46126 | B77: 37 | C77: Suleyma Areli Guamush Marroquin | D77: ARENERA | E77: RP | F77: 1 | G77: =VLOOKUP(E77,ACTIVIDADES!A78:D90,2) -> #N/A
A78: 46126 | B78: 38 | C78: Jonathan Aguilar | D78: CAÑADA | E78: RP | F78: 1 | G78: =VLOOKUP(E78,ACTIVIDADES!A79:D91,2) -> #N/A
A79: 46126 | B79: 39 | C79: Artemio Danilo Solano Marroquin | D79: CAÑADA | E79: RP | F79: 1 | G79: =VLOOKUP(E79,ACTIVIDADES!A80:D92,2) -> #N/A
A80: 46127 | B80: 1 | C80: Marco Antonio Solano | D80: CP | E80: CP | F80: 1 | G80: =VLOOKUP(E80,ACTIVIDADES!A81:D93,2) -> #N/A
A81: 46127 | B81: 2 | C81: Gildaberto Solano Arenas | D81: CP | E81: CP | F81: 1 | G81: =VLOOKUP(E81,ACTIVIDADES!A82:D94,2) -> #N/A
A82: 46127 | B82: 3 | C82: Henry Randolfo Hernandez Solano | D82: CASA | E82: BE | F82: 1 | G82: =VLOOKUP(E82,ACTIVIDADES!A83:D95,2) -> #N/A
A83: 46127 | B83: 4 | C83: Ruth Nohemi Alvarez Jimenez | D83: CASA | E83: MG | F83: 1 | G83: =VLOOKUP(E83,ACTIVIDADES!A84:D96,2) -> #N/A
A84: 46127 | B84: 5 | C84: Gaby Maidely Alvarez Jimenez | D84: MG | E84: MG | F84: 1 | G84: =VLOOKUP(E84,ACTIVIDADES!A85:D97,2) -> #N/A
A85: 46127 | B85: 6 | C85: Enma Mannolia Perez Najera | D85: CAÑADA | E85: RP | F85: 1 | G85: =VLOOKUP(E85,ACTIVIDADES!A86:D98,2) -> #N/A
A86: 46127 | B86: 7 | C86: German Nolberto Solano Marroquin | D86: CAÑADA | E86: RP | F86: 1 | G86: =VLOOKUP(E86,ACTIVIDADES!A87:D99,2) -> #N/A
A87: 46127 | B87: 8 | C87: Jaime Anibal Marroquin Salazar | D87: CAÑADA | E87: RP | F87: 1 | G87: =VLOOKUP(E87,ACTIVIDADES!A88:D100,2) -> #N/A
A88: 46127 | B88: 9 | C88: Adister Arcenio Marroquin | D88: SAN EMILIANO | E88: RP | F88: 1 | G88: =VLOOKUP(E88,ACTIVIDADES!A89:D101,2) -> #N/A
A89: 46127 | B89: 10 | C89: Edgar Rolando Navas Chacon | D89: CAÑADA | E89: RP | F89: 1 | G89: =VLOOKUP(E89,ACTIVIDADES!A90:D102,2) -> #N/A
A90: 46127 | B90: 11 | C90: Cindy Roxana Alvarez Lopez | G90: =VLOOKUP(E90,ACTIVIDADES!A91:D103,2) -> #N/A
A91: 46127 | B91: 12 | C91: Carmelo Marroquin Salazar | D91: CAÑADA | E91: RP | F91: 1 | G91: =VLOOKUP(E91,ACTIVIDADES!A92:D104,2) -> #N/A
A92: 46127 | B92: 13 | C92: Erick Ronaldo Hernandez Martinez | G92: =VLOOKUP(E92,ACTIVIDADES!A93:D105,2) -> #N/A
A93: 46127 | B93: 14 | C93: Erica Yanira Alvarez Lopez | G93: =VLOOKUP(E93,ACTIVIDADES!A94:D106,2) -> #N/A
A94: 46127 | B94: 15 | C94: Elmer Alexander Hernandez Raliois | D94: BN | E94: BN | F94: 1 | G94: =VLOOKUP(E94,ACTIVIDADES!A95:D107,2) -> #N/A
A95: 46127 | B95: 16 | C95: Axel Amildo Alvarez Morales | D95: SAN EMILIANO | E95: RP | F95: 1 | G95: =VLOOKUP(E95,ACTIVIDADES!A96:D108,2) -> #N/A
A96: 46127 | B96: 17 | C96: Carlos Albino Garcia Mendez | D96: CAÑADA | E96: RP | F96: 1 | G96: =VLOOKUP(E96,ACTIVIDADES!A97:D109,2) -> #N/A
A97: 46127 | B97: 18 | C97: Dixon Rene Hernandez Martinez | D97: CAÑADA | E97: RP | F97: 1 | G97: =VLOOKUP(E97,ACTIVIDADES!A98:D110,2) -> #N/A
A98: 46127 | B98: 19 | C98: Jose Alexander Navas Martinez | G98: =VLOOKUP(E98,ACTIVIDADES!A99:D111,2) -> #N/A
A99: 46127 | B99: 20 | C99: Wilfrido Hernandez Ralios | D99: CAÑADA | E99: RP | F99: 1 | G99: =VLOOKUP(E99,ACTIVIDADES!A100:D112,2) -> #N/A
A100: 46127 | B100: 21 | C100: Yaritza Amarilis Navas Sanchez | D100: CAÑADA | E100: RP | F100: 1 | G100: =VLOOKUP(E100,ACTIVIDADES!A101:D113,2) -> #N/A
...

Sheet ACTIVIDADES
A1: BE | B1: BENEFICIO | C1: DÍA | D1: 75
A2: BN | B2: BENEFICIO | C2: DÍA | D2: 75
A3: CA | B3: CARBON | C3: DÍA | D3: 75
A4: CP | B4: CAPORAL | C4: DÍA | D4: 100
A5: FE | B5: FERTILIZACION | C5: DÍA | D5: 17.5
A6: FERIADO | B6: FERIADO | C6: DÍA | D6: 75
A7: FG | B7: APLICACION DE FUNGICIDA | C7: DÍA | D7: 75
A8: LL | B8: LIMPIA LOTE | C8: DÍA | D8: 75
A9: MG | B9: MANTENIMIENTO GENERAL | C9: DÍA | D9: 75
A10: HA | B10: HACIENDA | C10: DIA | D10: 65
A11: MS | B11: MANEJO DE SOMBRA | C11: DÍA | D11: 75
A12: SP | B12: SEPTIMO | C12: DIA | D12: 75
... A17: TZ | B17: TRAZADO PARA SIEMBRA | C17: DÍA | D17: 75

Sheet PLANILLA
A1: FECHA | B1: No. ASIGNADO | C1: TRABAJADOR | D1: LOTE | E1: ACTIVIDAD | F1: NOMBRE ACTIVIDAD | G1: CANTIDAD DE UNIDADES | H1: COSTOPOR UNIDAD | I1: COSTO TOTAL
A2: 46156 | B2: 1 | C2: Marco Antonio Solano | D2: CP | E2: CP | F2: =IFERROR(VLOOKUP(TRIM(E2),ACTIVIDADES!$A$1:$D$17,2,FALSE),"NO ENCONTRADO") -> CAPORAL | G2: 1 | H2: =IFERROR(VLOOKUP(TRIM(E2),ACTIVIDADES!$A$1:$D$17,4,FALSE),"") -> 100 | I2: =IFERROR(G2*H2,"") -> 100
A3: 46156 | B3: 2 | C3: Gildaberto Solano Arenas | D3: CP | E3: CP | F3: =IFERROR(VLOOKUP(TRIM(E3),ACTIVIDADES!$A$1:$D$17,2,FALSE),"NO ENCONTRADO") -> CAPORAL | G3: 1 | H3: =IFERROR(VLOOKUP(TRIM(E3),ACTIVIDADES!$A$1:$D$17,4,FALSE),"") -> 100 | I3: =IFERROR(G3*H3,"") -> 100
A4: 46156 | B4: 3 | C4: Henry Randolfo Hernandez Solano | D4: CP | E4: CP | F4: =IFERROR(VLOOKUP(TRIM(E4),ACTIVIDADES!$A$1:$D$17,2,FALSE),"NO ENCONTRADO") -> CAPORAL | G4: 1 | H4: =IFERROR(VLOOKUP(TRIM(E4),ACTIVIDADES!$A$1:$D$17,4,FALSE),"") -> 100 | I4: =IFERROR(G4*H4,"") -> 100
A5: 46156 | B5: 4 | C5: Ruth Nohemi Alvarez Jimenez | D5: HACIENDA | E5: HA | F5: =IFERROR(VLOOKUP(TRIM(E5),ACTIVIDADES!$A$1:$D$17,2,FALSE),"NO ENCONTRADO") -> HACIENDA | G5: 1 | H5: =IFERROR(VLOOKUP(TRIM(E5),ACTIVIDADES!$A$1:$D$17,4,FALSE),"") -> 65 | I5: =IFERROR(G5*H5,"") -> 65
A6: 46156 | B6: 5 | C6: Gaby Maidely Alvarez Jimenez | D6: HACIENDA | E6: HA | F6: =IFERROR(VLOOKUP(TRIM(E6),ACTIVIDADES!$A$1:$D$17,2,FALSE),"NO ENCONTRADO") -> HACIENDA | G6: 1 | H6: =IFERROR(VLOOKUP(TRIM(E6),ACTIVIDADES!$A$1:$D$17,4,FALSE),"") -> 65 | I6: =IFERROR(G6*H6,"") -> 65
A7: 46156 | B7: 6 | C7: Enma Mannolia Perez Najera | D7: CORONA | E7: MS | F7: =IFERROR(VLOOKUP(TRIM(E7),ACTIVIDADES!$A$1:$D$17,2,FALSE),"NO ENCONTRADO") -> MANEJO DE SOMBRA | G7: 1 | H7: =IFERROR(VLOOKUP(TRIM(E7),ACTIVIDADES!$A$1:$D$17,4,FALSE),"") -> 75 | I7: =IFERROR(G7*H7,"") -> 75
A8: 46156 | B8: 7 | C8: German Nolberto Solano Marroquin | D8: CANOA | E8: TZ | F8: =IFERROR(VLOOKUP(TRIM(E8),ACTIVIDADES!$A$1:$D$17,2,FALSE),"NO ENCONTRADO") -> TRAZADO PARA SIEMBRA | G8: 1 | H8: =IFERROR(VLOOKUP(TRIM(E8),ACTIVIDADES!$A$1:$D$17,4,FALSE),"") -> 75 | I8: =IFERROR(G8*H8,"") -> 75
A9: 46156 | B9: 8 | C9: Jaime Anibal Marroquin Salazar | D9: CORONA | E9: MS | F9: =IFERROR(VLOOKUP(TRIM(E9),ACTIVIDADES!$A$1:$D$17,2,FALSE),"NO ENCONTRADO") -> MANEJO DE SOMBRA | G9: 1 | H9: =IFERROR(VLOOKUP(TRIM(E9),ACTIVIDADES!$A$1:$D$17,4,FALSE),"") -> 75 | I9: =IFERROR(G9*H9,"") -> 75
A10: 46156 | B10: 9 | C10: Adister Arcenio Marroquin | D10: CORONA | E10: MS | F10: =IFERROR(VLOOKUP(TRIM(E10),ACTIVIDADES!$A$1:$D$17,2,FALSE),"NO ENCONTRADO") -> MANEJO DE SOMBRA | G10: 1 | H10: =IFERROR(VLOOKUP(TRIM(E10),ACTIVIDADES!$A$1:$D$17,4,FALSE),"") -> 75 | I10: =IFERROR(G10*H10,"") -> 75
A11: 46156 | B11: 12 | C11: Carmelo Marroquin Salazar | D11: CORONA | E11: MS | F11: =IFERROR(VLOOKUP(TRIM(E11),ACTIVIDADES!$A$1:$D$17,2,FALSE),"NO ENCONTRADO") -> MANEJO DE SOMBRA | G11: 1 | H11: =IFERROR(VLOOKUP(TRIM(E11),ACTIVIDADES!$A$1:$D$17,4,FALSE),"") -> 75 | I11: =IFERROR(G11*H11,"") -> 75
A12: 46156 | B12: 15 | C12: Elmer Alexander Hernandez Raliois | D12: CRUZ 1 | E12: MG | F12: =IFERROR(VLOOKUP(TRIM(E12),ACTIVIDADES!$A$1:$D$17,2,FALSE),"NO ENCONTRADO") -> MANTENIMIENTO GENERAL | G12: 1 | H12: =IFERROR(VLOOKUP(TRIM(E12),ACTIVIDADES!$A$1:$D$17,4,FALSE),"") -> 75 | I12: =IFERROR(G12*H12,"") -> 75
A13: 46156 | B13: 16 | C13: Axel Amildo Alvarez Morales | D13: CORONA | E13: MS | F13: =IFERROR(VLOOKUP(TRIM(E13),ACTIVIDADES!$A$1:$D$17,2,FALSE),"NO ENCONTRADO") -> MANEJO DE SOMBRA | G13: 1 | H13: =IFERROR(VLOOKUP(TRIM(E13),ACTIVIDADES!$A$1:$D$17,4,FALSE),"") -> 75 | I13: =IFERROR(G13*H13,"") -> 75
... A652: 46176 | B652: 40 | C652: Iris Maricela Hernandez Martinez | D652: CRUZ 2 | E652: LL | F652: =IFERROR(VLOOKUP(TRIM(E652),ACTIVIDADES!$A$1:$D$17,2,FALSE),"NO ENCONTRADO") -> LIMPIA LOTE | G652: 0.5 | H652: =IFERROR(VLOOKUP(TRIM(E652),ACTIVIDADES!$A$1:$D$17,4,FALSE),"") -> 75 | I652: =IFERROR(G652*H652,"") -> 37.5
I653: =SUM(I2:I652) -> 44661.55

Sheet PAGOS
A1: TRABAJADOR | B1: TOTAL | C1: SEPTIMOS | D1: DESCUENTOS | E1: TOTAL A PAGAR | F1: BANCO | G1: NUMERO DE CUENTA BANCARIA
A2: Adister Arcenio Marroquin | B2: =SUMIF(PLANILLA!$C$2:$C$999,PAGOS!A2,PLANILLA!$I$2:$I$999) -> 1163 | C2: =75*2 -> 150 | D2: 40 | E2: =+B2+C2-D2 -> 1273
A3: Artemio Danilo Solano Marroquin | B3: =SUMIF(PLANILLA!$C$2:$C$999,PAGOS!A3,PLANILLA!$I$2:$I$999) -> 1276.5 | C3: =75*2 -> 150 | D3: 0 | E3: =+B3+C3-D3 -> 1426.5
A4: Axel Amildo Alvarez Morales | B4: =SUMIF(PLANILLA!$C$2:$C$999,PAGOS!A4,PLANILLA!$I$2:$I$999) -> 1148 | C4: =75*1 -> 75 | D4: 40 | E4: =+B4+C4-D4 -> 1183 | F4: BANRURAL | G4: 4029152135
A5: Baldomero Solano Marroquin | B5: =SUMIF(PLANILLA!$C$2:$C$999,PAGOS!A5,PLANILLA!$I$2:$I$999) -> 1205 | C5: =75*2 -> 150 | D5: 0 | E5: =+B5+C5-D5 -> 1355 | F5: BANRURAL | G5: 4029163700
A6: Carlos Albino Garcia Mendez | B6: =SUMIF(PLANILLA!$C$2:$C$999,PAGOS!A6,PLANILLA!$I$2:$I$999) -> 1182.5 | C6: =75*2 -> 150 | D6: 40 | E6: =+B6+C6-D6 -> 1292.5
A7: Carmelo Marroquin Salazar | B7: =SUMIF(PLANILLA!$C$2:$C$999,PAGOS!A7,PLANILLA!$I$2:$I$999) -> 1049 | C7: =75*1 -> 75 | D7: 40 | E7: =+B7+C7-D7 -> 1084
A8: Cindy Roxana Alvarez Lopez | B8: =SUMIF(PLANILLA!$C$2:$C$999,PAGOS!A8,PLANILLA!$I$2:$I$999) -> 1041.5 | C8: =75*2 -> 150 | D8: 0 | E8: =+B8+C8-D8 -> 1191.5 | F8: BANRURAL | G8: 4029166385
A9: Dixon Rene Hernandez Martinez | B9: =SUMIF(PLANILLA!$C$2:$C$999,PAGOS!A9,PLANILLA!$I$2:$I$999) -> 1022.5 | C9: =75*2 -> 150 | D9: 40 | E9: =+B9+C9-D9 -> 1132.5 | F9: BANRURAL | G9: 4029157433
A10: Edgar Rolando Navas Chacon | B10: =SUMIF(PLANILLA!$C$2:$C$999,PAGOS!A10,PLANILLA!$I$2:$I$999) -> 871.5 | C10: =75*1 -> 75 | D10: 0 | E10: =+B10+C10-D10 -> 946.5 | F10: BANRURAL | G10: 4029152117
A11: Elderr Eduardo Hernandez Navas | B11: =SUMIF(PLANILLA!$C$2:$C$999,PAGOS!A11,PLANILLA!$I$2:$I$999) -> 1157 | C11: =75*2 -> 150 | D11: 0 | E11: =+B11+C11-D11 -> 1307 | F11: BANRURAL | G11: 3029028657
A12: Elmer Alexander Hernandez Raliois | B12: =SUMIF(PLANILLA!$C$2:$C$999,PAGOS!A12,PLANILLA!$I$2:$I$999) -> 1203 | C12: =75*2 -> 150 | D12: 0 | E12: =+B12+C12-D12 -> 1353
A13: Enma Mannolia Perez Najera | B13: =SUMIF(PLANILLA!$C$2:$C$999,PAGOS!A13,PLANILLA!$I$2:$I$999) -> 1228.25 | C13: =75*2 -> 150 | D13: 0 | E13: =+B13+C13-D13 -> 1378.25
A14: Erica Yanira Alvarez Lopez | B14: =SUMIF(PLANILLA!$C$2:$C$999,PAGOS!A14,PLANILLA!$I$2:$I$999) -> 966.5 | C14: =75*2 -> 150 | D14: 0 | E14: =+B14+C14-D14 -> 1116.5 | F14: BANRURAL | G14: 4029166371
A15: Erick Ronaldo Hernandez Martinez | B15: =SUMIF(PLANILLA!$C$2:$C$999,PAGOS!A15,PLANILLA!$I$2:$I$999) -> 978 | C15: =75*2 -> 150 | D15: 0 | E15: =+B15+C15-D15 -> 1128 | F15: BANRURAL | G15: 4029166399
A16: Fernando Adelder Guamush Perez | B16: =SUMIF(PLANILLA!$C$2:$C$999,PAGOS!A16,PLANILLA!$I$2:$I$999) -> 1152.5 | C16: =75*1 -> 75 | D16: 0 | E16: =+B16+C16-D16 -> 1227.5
A17: Francisco Alexander Navas Juarez | B17: =SUMIF(PLANILLA!$C$2:$C$999,PAGOS!A17,PLANILLA!$I$2:$I$999) -> 641.5 | C17: =75*0 -> 0 | D17: 0 | E17: =+B17+C17-D17 -> 641.5 | F17: BANRURAL | G17: 3029028689
A18: Gaby Maidely Alvarez Jimenez | B18: =SUMIF(PLANILLA!$C$2:$C$999,PAGOS!A18,PLANILLA!$I$2:$I$999) -> 1171.5 | C18: =75*2 -> 150 | D18: 0 | E18: =+B18+C18-D18 -> 1321.5 | F18: BANRURAL | G18: 4029165827
A19: German Nolberto Solano Marroquin | B19: =SUMIF(PLANILLA!$C$2:$C$999,PAGOS!A19,PLANILLA!$I$2:$I$999) -> 1276.5 | C19: =75*2 -> 150 | D19: 40 | E19: =+B19+C19-D19 -> 1386.5
A20: Gildaberto Solano Arenas | B20: =SUMIF(PLANILLA!$C$2:$C$999,PAGOS!A20,PLANILLA!$I$2:$I$999) -> 1701.5 | C20: =75*2 -> 150 | D20: 0 | E20: =+B20+C20-D20 -> 1851.5
A21: Henry Randolfo Hernandez Solano | B21: =SUMIF(PLANILLA!$C$2:$C$999,PAGOS!A21,PLANILLA!$I$2:$I$999) -> 1676.5 | C21: =75*2 -> 150 | D21: 0 | E21: =+B21+C21-D21 -> 1826.5
A22: Jaime Anibal Marroquin Salazar | B22: =SUMIF(PLANILLA!$C$2:$C$999,PAGOS!A22,PLANILLA!$I$2:$I$999) -> 1198.5 | C22: =75*2 -> 150 | D22: 40 | E22: =+B22+C22-D22 -> 1308.5
A23: Jonathan Aguilar | B23: =SUMIF(PLANILLA!$C$2:$C$999,PAGOS!A23,PLANILLA!$I$2:$I$999) -> 994 | C23: =75*1 -> 75 | D23: 0 | E23: =+B23+C23-D23 -> 1069 | F23: BANRURAL | G23: 4029161954
A24: Jorge Luis Marroquin Salazar | B24: =SUMIF(PLANILLA!$C$2:$C$999,PAGOS!A24,PLANILLA!$I$2:$I$999) -> 453 | C24: =75*0 -> 0 | D24: 40 | E24: =+B24+C24-D24 -> 413 | F24: BANRURAL | G24: 4029159358
A25: Jorge Odilio Solano Marroquin | B25: =SUMIF(PLANILLA!$C$2:$C$999,PAGOS!A25,PLANILLA!$I$2:$I$999) -> 1202.25 | C25: =75*2 -> 150 | D25: 40 | E25: =+B25+C25-D25 -> 1312.25
A26: Jose Alexander Navas Martinez | B26: =SUMIF(PLANILLA!$C$2:$C$999,PAGOS!A26,PLANILLA!$I$2:$I$999) -> 901.5 | C26: =75*1 -> 75 | D26: 0 | E26: =+B26+C26-D26 -> 976.5 | F26: BANRURAL | G26: 4029152167
A27: Julia Yanira Marroquin | B27: =SUMIF(PLANILLA!$C$2:$C$999,PAGOS!A27,PLANILLA!$I$2:$I$999) -> 1064 | C27: =75*1 -> 75 | D27: 0 | E27: =+B27+C27-D27 -> 1139 | F27: BANRURAL | G27: 4029152153
A28: Leidy Susana Solano Perez | B28: =SUMIF(PLANILLA!$C$2:$C$999,PAGOS!A28,PLANILLA!$I$2:$I$999) -> 1191.5 | C28: =75*2 -> 150 | D28: 0 | E28: =+B28+C28-D28 -> 1341.5
A29: Luz De Maria Martinez Solano | B29: =SUMIF(PLANILLA!$C$2:$C$999,PAGOS!A29,PLANILLA!$I$2:$I$999) -> 1139 | C29: =75*2 -> 150 | D29: 0 | E29: =+B29+C29-D29 -> 1289
A30: Marco Antonio Solano | B30: =SUMIF(PLANILLA!$C$2:$C$999,PAGOS!A30,PLANILLA!$I$2:$I$999) -> 1801.5 | C30: =75*2 -> 150 | D30: 0 | E30: =+B30+C30-D30 -> 1951.5 | F30: BANRURAL | G30: 4029152218
A31: Maria Floridalma Alvarez Morales | B31: =SUMIF(PLANILLA!$C$2:$C$999,PAGOS!A31,PLANILLA!$I$2:$I$999) -> 1190.75 | C31: =75*2 -> 150 | D31: 0 | E31: =+B31+C31-D31 -> 1340.75 | F31: BANRURAL | G31: 4029151948
A32: Maria Marleni Marroquin Salazar | B32: =SUMIF(PLANILLA!$C$2:$C$999,PAGOS!A32,PLANILLA!$I$2:$I$999) -> 1116.5 | C32: =75*2 -> 150 | D32: 0 | E32: =+B32+C32-D32 -> 1266.5 | F32: BANRURAL | G32: 4029161922
A33: Marta Rosmery Hernandez Perez | B33: =SUMIF(PLANILLA!$C$2:$C$999,PAGOS!A33,PLANILLA!$I$2:$I$999) -> 1046.2 | C33: =75*1 -> 75 | D33: 0 | E33: =+B33+C33-D33 -> 1121.2 | F33: BANRURAL | G33: 4029159110
A34: Oliver Gerardo Aguilar Sanchez | B34: =SUMIF(PLANILLA!$C$2:$C$999,PAGOS!A34,PLANILLA!$I$2:$I$999) -> 1002.5 | C34: =75*0 -> 0 | D34: 40 | E34: =+B34+C34-D34 -> 962.5 | F34: BANRURAL | G34: 4029157516
A35: Ruth Nohemi Alvarez Jimenez | B35: =SUMIF(PLANILLA!$C$2:$C$999,PAGOS!A35,PLANILLA!$I$2:$I$999) -> 1171.5 | C35: =75*2 -> 150 | D35: 0 | E35: =+B35+C35-D35 -> 1321.5 | F35: BANRURAL | G35: 4029165845
A36: Suleyma Areli Guamush Marroquin | B36: =SUMIF(PLANILLA!$C$2:$C$999,PAGOS!A36,PLANILLA!$I$2:$I$999) -> 1153.25 | C36: =75*1 -> 75 | D36: 0 | E36: =+B36+C36-D36 -> 1228.25 | F36: BANRURAL | G36: 3029026017
A37: Telma Elizabeth Hernandez Martinez | B37: =SUMIF(PLANILLA!$C$2:$C$999,PAGOS!A37,PLANILLA!$I$2:$I$999) -> 1116.5 | C37: =75*1 -> 75 | D37: 0 | E37: =+B37+C37-D37 -> 1191.5 | F37: BANRURAL | G37: 4396067306
A38: Wilfrido Hernandez Ralios | B38: =SUMIF(PLANILLA!$C$2:$C$999,PAGOS!A38,PLANILLA!$I$2:$I$999) -> 1128 | C38: =75*2 -> 150 | D38: 0 | E38: =+B38+C38-D38 -> 1278 | F38: BANRURAL | G38: 4015403844
A39: Wilson Orlando Garcia Mendez | B39: =SUMIF(PLANILLA!$C$2:$C$999,PAGOS!A39,PLANILLA!$I$2:$I$999) -> 1008.5 | C39: =75*2 -> 150 | D39: 40 | E39: =+B39+C39-D39 -> 1118.5 | F39: BANRURAL | G39: 3029029349
A40: Yaritza Amarilis Navas Sanchez | B40: =SUMIF(PLANILLA!$C$2:$C$999,PAGOS!A40,PLANILLA!$I$2:$I$999) -> 1116.5 | C40: =75*2 -> 150 | D40: 0 | E40: =+B40+C40-D40 -> 1266.5 | F40: BANRURAL | G40: 4029165592
A41: Iris Maricela Hernandez Martinez | B41: =SUMIF(PLANILLA!$C$2:$C$999,PAGOS!A41,PLANILLA!$I$2:$I$999) -> 333.25 | C41: =75*0 -> 0 | D41: 0 | E41: =+B41+C41-D41 -> 333.25
A42: Monica Nayarit Garcia Monterroso | B42: =SUMIF(PLANILLA!$C$2:$C$999,PAGOS!A42,PLANILLA!$I$2:$I$999) -> 220.6 | C42: =75*0 -> 0 | D42: 0 | E42: =+B42+C42-D42 -> 220.6
B43: =SUM(B2:B42) -> 44661.55 | E43: =+B43+C43-D43 -> 44661.55
B44: =+PLANILLA!I653 -> 44661.55
